萃湖上郡,东方北路与兴港西路交叉口,11000元/平(均价),https://hz.fang.lianjia.com/loupan/pg1/p_chsjaftga
首开杭州金茂府,隐秀路433号,48443元/平(均价),https://hz.fang.lianjia.com/loupan/pg1/p_skhzjmfabknr
北大资源颐和江南,杨梅山桥北大资源颐和江南,28000元/平(均价),https://hz.fang.lianjia.com/loupan/pg1/p_bdzyyhjnabxgx
翡翠城,"高教路翡翠城, 闲林街道翡翠城",26135元/平(均价),https://hz.fang.lianjia.com/loupan/pg1/p_fccyxaahvb
滨江新希望新城未来海岸,新湾街道建华路与闸口路交汇处,17200元/平(均价),https://hz.fang.lianjia.com/loupan/pg1/p_bjxxwxcwlhabifne
雅居乐金茂中央公园,花园路雅居乐金茂中央公园,13000元/平(均价),https://hz.fang.lianjia.com/loupan/pg1/p_yjljmzygybivrs
卓越珑府,长水路卓越珑府,17500元/平(均价),https://hz.fang.lianjia.com/loupan/pg1/p_zylfbivtd
世茂璀璨时代,南湖新区南溪东路与亚欧路交汇处,18000元/平(均价),https://hz.fang.lianjia.com/loupan/pg1/p_smccsdbivui
欣隆府,隆兴路95号,14800元/平(均价),https://hz.fang.lianjia.com/loupan/pg1/p_xlfafrze
海盐阳光城翡丽湾,华丰路海盐阳光城翡丽湾,12000元/平(均价),https://hz.fang.lianjia.com/loupan/pg1/p_ygcflwafrzp
赞成星谷,丰庆路赞成星谷,23000元/平(均价),https://hz.fang.lianjia.com/loupan/pg2/p_zcxgafsaj
金辉蓝光星奕云著,杭州市余杭区临丁路与星源路交汇处,价格待定,https://hz.fang.lianjia.com/loupan/pg2/p_xyyzafsak
万科大溪谷,杭州市东西大道运溪路段，七贤郡西侧约600米,20800元/平(均价),https://hz.fang.lianjia.com/loupan/pg2/p_wkdxgafsal
中城汇MIDTOWN,杭行路中城汇MIDTOWN,价格待定,https://hz.fang.lianjia.com/loupan/pg2/p_zchmafsan
金科碧桂园博翠府,顾扬路金科碧桂园博翠府,价格待定,https://hz.fang.lianjia.com/loupan/pg2/p_jkbgybcfafsar
滨江同协金座,华丰路滨江同协金座,35000元/平(均价),https://hz.fang.lianjia.com/loupan/pg2/p_bjtxjzafsav
蓝城澜宸,钱江路蓝城澜宸,56500元/平(均价),https://hz.fang.lianjia.com/loupan/pg2/p_lclcafsax
和家园雍园,杨梅山路和家园雍园,50579元/平(均价),https://hz.fang.lianjia.com/loupan/pg2/p_hjyyyafscz
融创东麟府,政通路融创东麟府,20500元/平(均价),https://hz.fang.lianjia.com/loupan/pg2/p_rcdlfafsfz
越秀招商天悦江湾,三官塘路与建华路交叉口,40200元/平(均价),https://hz.fang.lianjia.com/loupan/pg2/p_yxzstyjwafsgs
金隅中铁诺德都会森林,江干区艮山西路与钱潮路交汇处,58865元/平(均价),https://hz.fang.lianjia.com/loupan/pg3/p_jyztnddhslafsgu
东城金茂府,城东新城源聚路与明石路交汇处,价格待定,https://hz.fang.lianjia.com/loupan/pg3/p_dcjmfafsgw
金地宋都都会钱塘,水云街与文淙北路交叉口,27063元/平(均价),https://hz.fang.lianjia.com/loupan/pg3/p_jdsddhqtafsgz
越秀招商天悦江湾,三官塘路与建华路交叉口,价格待定,https://hz.fang.lianjia.com/loupan/pg3/p_yxzstyjwafsha
越秀招商天悦江湾,三官塘路与建华路交叉口,130万/套(均价),https://hz.fang.lianjia.com/loupan/pg3/p_yxzstyjwafshb
碧桂园良樾,精工西路碧桂园良樾,价格待定,https://hz.fang.lianjia.com/loupan/pg3/p_bgylyafshc
滨江碧桂园翡翠江南,利华路滨江碧桂园翡翠江南,34284元/平(均价),https://hz.fang.lianjia.com/loupan/pg3/p_bjbgyfcjnafshg
滨江碧桂园卧城印象,向旭路滨江碧桂园卧城印象,价格待定,https://hz.fang.lianjia.com/loupan/pg3/p_bjbgywcyxafshi
中粮梦栖祥云,杜文路中粮梦栖祥云,价格待定,https://hz.fang.lianjia.com/loupan/pg3/p_zlmqxyafshl
滨江碧桂园卧城印象,向旭路滨江碧桂园卧城印象,价格待定,https://hz.fang.lianjia.com/loupan/pg3/p_bjbgywcyxafsij
碧桂园越溪府,东藩路碧桂园越溪府,价格待定,https://hz.fang.lianjia.com/loupan/pg4/p_bgyyxfafsim
香港兴业耦园,五常街道耦园,价格待定,https://hz.fang.lianjia.com/loupan/pg4/p_xgxyoyafsio
合景天銮,莫干山路989号,82000元/平(均价),https://hz.fang.lianjia.com/loupan/pg4/p_hjtlafsiw
融信萧山公馆,市心中路融信萧山公馆,49200元/平(均价),https://hz.fang.lianjia.com/loupan/pg4/p_rxxsggafsjc
新城金樾,新07省道与九场公路交汇处,13000元/平(均价),https://hz.fang.lianjia.com/loupan/pg4/p_xcjyafsku
荣安海上明月,北荡路荣安海上明月,13500元/平(均价),https://hz.fang.lianjia.com/loupan/pg4/p_hyhsmyafskz
保集金城广场,新华路1011号,40000元/平(均价),https://hz.fang.lianjia.com/loupan/pg4/p_bjjcgcafsod
泰禾中央广场,余杭塘路与枫树路交汇处,38500元/平(均价),https://hz.fang.lianjia.com/loupan/pg4/p_thzygcafsof
石榴玉兰湾,人瑞路与南林路交叉口西南方,10000元/平(均价),https://hz.fang.lianjia.com/loupan/pg4/p_slylwafsog
定淘汇,海宁大道267号,15000元/平(均价),https://hz.fang.lianjia.com/loupan/pg4/p_dthafsok
新城璟隽公馆,建设一路与经十二路交叉口,23000元/平(均价),https://hz.fang.lianjia.com/loupan/pg5/p_xcjjggafsos
天目观山月,天目山景区天目观山月,12505元/平(均价),https://hz.fang.lianjia.com/loupan/pg5/p_tmgsyafspt
金科集美嘉悦,姚庄大道和兴学路交叉路口,19500元/平(均价),https://hz.fang.lianjia.com/loupan/pg5/p_jkjmjyafsrw
莱茵河畔,锦绣路莱茵河畔,285万/套(均价),https://hz.fang.lianjia.com/loupan/pg5/p_lyhpafsvx
中南漫悦湾,金海洋大道东侧,16000元/平(均价),https://hz.fang.lianjia.com/loupan/pg5/p_znmywafsxv
景瑞阳光城法兰公园,临平天荷路与荷花路交界处,27500元/平(均价),https://hz.fang.lianjia.com/loupan/pg5/p_jrygcflgyafsyo
乔克家居广场,世纪大道乔克家居广场,15000元/平(均价),https://hz.fang.lianjia.com/loupan/pg5/p_qkjjgcafszf
云水山居,银湖区九龙大道延伸段（杭州野生动物园附近）,12503元/平(均价),https://hz.fang.lianjia.com/loupan/pg5/p_yssjaftdc
万科玖望,高尔夫路与江滨东大道交叉口往东,价格待定,https://hz.fang.lianjia.com/loupan/pg5/p_wkjwaftdj
万联花园,世纪大道与车站南路交汇处,22500元/平(均价),https://hz.fang.lianjia.com/loupan/pg5/p_wlhyaftdm
碧桂园金科尚合府,拱墅区蒋家桥路与顾扬路交叉口,价格待定,https://hz.fang.lianjia.com/loupan/pg6/p_bgyjkshfaftei
朗诗枫荟,兴国路与北沙西路交汇西南侧,13000元/平(均价),https://hz.fang.lianjia.com/loupan/pg6/p_lsfhaftes
万科古翠隐秀,登云路与隐秀路交叉口,价格待定,https://hz.fang.lianjia.com/loupan/pg6/p_gcyxaftez
远洋西溪公馆,文一西路与荆长大道交汇处,28000元/平(均价),https://hz.fang.lianjia.com/loupan/pg6/p_yyxxggaftfa
海伦堡棠锦,"五常大道1号, 中泰街道新明半岛海伦堡棠锦",20972元/平(均价),https://hz.fang.lianjia.com/loupan/pg6/p_hlbtjaftfb
北辰国颂府,山阴路北辰国颂府,49200元/平(均价),https://hz.fang.lianjia.com/loupan/pg6/p_bcgsfaftfd
融信杭州世纪,市心北路与建设一路交汇处,价格待定,https://hz.fang.lianjia.com/loupan/pg6/p_rxhzsjaftfe
绿城西溪云庐,天目山路389号向南300米,95000元/平(均价),https://hz.fang.lianjia.com/loupan/pg6/p_lcxxylaftfg
国开东方凤凰台,禹航路国开东方凤凰台,价格待定,https://hz.fang.lianjia.com/loupan/pg6/p_gkdffhtaftfh
绿城和庐,小和山留和路,价格待定,https://hz.fang.lianjia.com/loupan/pg6/p_lchlaftfi
龙湖江与城,大江东青六路与江东大道交叉口往北,价格待定,https://hz.fang.lianjia.com/loupan/pg7/p_lhjycaftfk
西房拱宸外滩,崇杭街西房拱宸外滩,33500元/平(均价),https://hz.fang.lianjia.com/loupan/pg7/p_xfgcwtaftfl
滨江新希望新城未来海岸,新湾街道建华路与闸口路交汇处,27000元/平(均价),https://hz.fang.lianjia.com/loupan/pg7/p_bjxxwxcwlhaaftfo
万丽璞丽,人民大道607号,1600万/套(均价),https://hz.fang.lianjia.com/loupan/pg7/p_wlplaftft
越秀景瑞悦见山,平兴国路越秀景瑞悦见山,价格待定,https://hz.fang.lianjia.com/loupan/pg7/p_yxjryjsaftfv
碧桂园前宸府,里士湖路碧桂园前宸府,价格待定,https://hz.fang.lianjia.com/loupan/pg7/p_bgyqcfaftfw
凤起潮鸣,凤起路与环城东路交叉口,7000万/套(均价),https://hz.fang.lianjia.com/loupan/pg7/p_fqcmaftfy
德信碧桂园印江南,蜀山路德信碧桂园印江南,价格待定,https://hz.fang.lianjia.com/loupan/pg7/p_dxbgyyjnaftfz
开元广场,市心南路开元广场,25000元/平(均价),https://hz.fang.lianjia.com/loupan/pg7/p_kygcaftgd
金地滨江万科悦虹湾,风情大道金地滨江万科悦虹湾,价格待定,https://hz.fang.lianjia.com/loupan/pg7/p_jdbjwkyhwaftgm
绿城九龙仓桂语朝阳,博学路与育才路交叉口向西50米桂语朝阳城市展厅,价格待定,https://hz.fang.lianjia.com/loupan/pg9/p_lcjlcgyzyaftob
绿城九龙仓桂语朝阳,博学路与育才路交叉口向西50米桂语朝阳城市展厅,价格待定,https://hz.fang.lianjia.com/loupan/pg9/p_lcjlcgyzyaftoc
中国铁建国际汇,石祥路239号,30000元/平(均价),https://hz.fang.lianjia.com/loupan/pg9/p_zgtjgjcaapag
世茂天宸,艮山西路95号,70000元/平(均价),https://hz.fang.lianjia.com/loupan/pg9/p_smtcaapar
金都夏宫,北沙西路156号,730万/套(均价),https://hz.fang.lianjia.com/loupan/pg9/p_jdxgyxaapba
昆盛肖邦,江干九堡镇九福路与九华路交叉口,价格待定,https://hz.fang.lianjia.com/loupan/pg9/p_ksxbaapbt
杭州新天地,石祥路71-8号,28000元/平(均价),https://hz.fang.lianjia.com/loupan/pg9/p_hzxtdaapcl
恒大城市之光,滨文路恒大城市之光,价格待定,https://hz.fang.lianjia.com/loupan/pg9/p_jkchzzkcszgaapdf
复地壹中心,莫干山路与育英路交叉口,28000元/平(均价),https://hz.fang.lianjia.com/loupan/pg9/p_fdyzxaapew
嘉凯城名城博园,博园路嘉凯城名城博园,价格待定,https://hz.fang.lianjia.com/loupan/pg9/p_jkcmcbyaapgp
众安嘉润公馆,金鸡路众安嘉润公馆,45000元/平(均价),https://hz.fang.lianjia.com/loupan/pg10/p_zajrggaapqf
众安学君里,天目山西路众安学君里,价格待定,https://hz.fang.lianjia.com/loupan/pg10/p_zaxjlaaqil
新湖菲林山,未来科技城文二西路与绿汀路交叉口南侧,25175元/平(均价),https://hz.fang.lianjia.com/loupan/pg10/p_xhflaaqim
嘉丰万悦城,东湖北路嘉丰万悦城,价格待定,https://hz.fang.lianjia.com/loupan/pg10/p_jfwycaaqjb
东海水景城,世纪大道501号,23740元/平(均价),https://hz.fang.lianjia.com/loupan/pg10/p_dhsjcaaqjh
九龙仓君廷,望梅路九龙仓君廷,价格待定,https://hz.fang.lianjia.com/loupan/pg10/p_jlcjtaaqmk
上实海上海,良渚街道古墩路上实海上海,价格待定,https://hz.fang.lianjia.com/loupan/pg10/p_sshshaarhg
滨江华成大江之星,新港路滨江华成大江之星,价格待定,https://hz.fang.lianjia.com/loupan/pg10/p_bjhcdjzxaarmc
泰禾杭州院子,文二西路泰禾杭州院子,1300万/套(均价),https://hz.fang.lianjia.com/loupan/pg10/p_thhzyzaarmy
天润商业中心,萧棉路天润商业中心,26500元/平(均价),https://hz.fang.lianjia.com/loupan/pg10/p_trsyzxaarne
东南钱江蓝湾,水博大道东南钱江蓝湾,22300元/平(均价),https://hz.fang.lianjia.com/loupan/pg11/p_dnqjlwaarnq
万科缦云坊,东西大道万科缦云坊,价格待定,https://hz.fang.lianjia.com/loupan/pg11/p_wkjyfaarnr
中国铁建西湖国际城,紫金港北路中国铁建西湖国际城,价格待定,https://hz.fang.lianjia.com/loupan/pg11/p_zgtjxhgjcaaroe
湖景居,天城东路820号,价格待定,https://hz.fang.lianjia.com/loupan/pg11/p_hjjaarpf
光明尚海湾,育才路光明尚海湾,价格待定,https://hz.fang.lianjia.com/loupan/pg11/p_nfshwaasaj
中港罗兰小镇,中泰路322号,21500元/平(均价),https://hz.fang.lianjia.com/loupan/pg11/p_zgllxzaasam
中港罗兰小镇,中泰路322号,价格待定,https://hz.fang.lianjia.com/loupan/pg11/p_zgllxzaasan
金铂湾,闻涛路金铂湾,40000元/平(均价),https://hz.fang.lianjia.com/loupan/pg11/p_jbwaatgj
明华名港城二期,东灵南路2-60号,价格待定,https://hz.fang.lianjia.com/loupan/pg11/p_mhmgceqaaxgu
大奇山郡,金中路8号（城南路向西到底左转即到）,18000元/平(均价),https://hz.fang.lianjia.com/loupan/pg11/p_dqsjaaxhc
天地墅园,所前大道天地墅园,价格待定,https://hz.fang.lianjia.com/loupan/pg12/p_tdsyaaxhh
中粮天悦大悦城,莫干山路与隐秀路交叉口,50000元/平(均价),https://hz.fang.lianjia.com/loupan/pg12/p_zltydycaaxkt
西溪蓝海,文一西路西溪蓝海,31000元/平(均价),https://hz.fang.lianjia.com/loupan/pg12/p_xxlhaaxme
绿野御墅,留和路延伸段到底（绿野春天东区）,1300万/套(均价),https://hz.fang.lianjia.com/loupan/pg12/p_lyysaaycp
金骏大厦,钱江新城北冀四季青街道水湘路341号,28000元/平(均价),https://hz.fang.lianjia.com/loupan/pg12/p_jjdsaayix
绿城运河郡,小河路昼锦街路口,210万/套(均价),https://hz.fang.lianjia.com/loupan/pg12/p_lcyhjaaylk
万宝城,荷禹路万宝城,50000元/平(均价),https://hz.fang.lianjia.com/loupan/pg12/p_wbcaaywz
华夏四季,荆常大道华夏四季,26100元/平(均价),https://hz.fang.lianjia.com/loupan/pg12/p_hxsjaayyy
万科君望,黄公望国家森林公园南麓,价格待定,https://hz.fang.lianjia.com/loupan/pg12/p_wkjwaazhf
澳海澜庭,新登镇昌东澳海澜庭,价格待定,https://hz.fang.lianjia.com/loupan/pg12/p_ahltaazkg
雨润星雨华府,环北路雨润星雨华府,17800元/平(均价),https://hz.fang.lianjia.com/loupan/pg14/p_yrxyhfabchi
复泰雅宸华庭,双后线复泰雅宸华庭,13000元/平(均价),https://hz.fang.lianjia.com/loupan/pg14/p_ftychtabchp
复泰雅宸华庭,双后线复泰雅宸华庭,22000元/平(均价),https://hz.fang.lianjia.com/loupan/pg14/p_ftychtabchu
万通中心,上塘路杭州万通中心,27000元/平(均价),https://hz.fang.lianjia.com/loupan/pg14/p_wtzxabcme
中旅城仕公馆,明珠街中旅城仕公馆,30000元/平(均价),https://hz.fang.lianjia.com/loupan/pg14/p_zlcsggabcow
中节能西溪首座,文一西路与崇仁路交会处,55000元/平(均价),https://hz.fang.lianjia.com/loupan/pg14/p_zjnxxszabcqk
东海闲湖城,天目山西路277号,18928元/平(均价),https://hz.fang.lianjia.com/loupan/pg14/p_dhxhcabcrj
保利中心,新塘路保利中央公馆,57500元/平(均价),https://hz.fang.lianjia.com/loupan/pg14/p_blzyggabcsr
万科未来城二期,古墩路万科未来城二期,价格待定,https://hz.fang.lianjia.com/loupan/pg14/p_wlceqabdoi
佳源未来府,安乐路佳源未来府,30000元/平(均价),https://hz.fang.lianjia.com/loupan/pg14/p_jywlfabdpq
中铁逸都,北沙西路中铁逸都,价格待定,https://hz.fang.lianjia.com/loupan/pg15/p_ztydabdqw
东晖龙悦湾,余杭临平街道五洲路与小白线交叉路口（超山风景区旁）,700万/套(均价),https://hz.fang.lianjia.com/loupan/pg15/p_dhlywabdsx
碧桂园深蓝国际,博奥路碧桂园深蓝国际,40000元/平(均价),https://hz.fang.lianjia.com/loupan/pg15/p_bgyslgjabdub
三立钱塘ONE,枫桦东路三立钱塘ONE,26000元/平(均价),https://hz.fang.lianjia.com/loupan/pg15/p_slqtoabdvm
众安恒隆广场,山阴路688号,19000元/平(均价),https://hz.fang.lianjia.com/loupan/pg15/p_zahlgcabepb
世包国际中心,市民街99号,48000元/平(均价),https://hz.fang.lianjia.com/loupan/pg15/p_sbgjzxabepq
华元天鹅堡,西溪路539号,28000元/平(均价),https://hz.fang.lianjia.com/loupan/pg15/p_hytebabewe
新天地金色时光,驿城路138号,价格待定,https://hz.fang.lianjia.com/loupan/pg15/p_xtdjssgabeys
雅居乐国际花园,"天目山西路258号, 天目山西路254-2号",35000元/平(均价),https://hz.fang.lianjia.com/loupan/pg15/p_yjlgjhyabfce
金隅空港公馆,下沙经济技术开发区24号大街与19号交汇处东南角,20000元/平(均价),https://hz.fang.lianjia.com/loupan/pg15/p_jykgggabfhf
复泰雅宸华庭,双后线复泰雅宸华庭,15000元/平(均价),https://hz.fang.lianjia.com/loupan/pg16/p_ftychtabfis
南钻广场,通惠中路南钻广场,40000元/平(均价),https://hz.fang.lianjia.com/loupan/pg16/p_nzgcabfla
天达广场,艮山东路180号天达大厦,14500元/平(均价),https://hz.fang.lianjia.com/loupan/pg16/p_tdgcabflt
三花国际,江干区明月桥路和鸿泰路交汇处,42000元/平(均价),https://hz.fang.lianjia.com/loupan/pg16/p_shgjabfpp
通策状元府,大学路1929号,价格待定,https://hz.fang.lianjia.com/loupan/pg16/p_tczyfabfsp
千岛湖雅苑,千岛湖镇环湖北路与清溪大道交汇处,20000元/平(均价),https://hz.fang.lianjia.com/loupan/pg16/p_qdhyyabgdm
九悦江南,市心南路九悦江南,19000元/平(均价),https://hz.fang.lianjia.com/loupan/pg16/p_jyjnabghd
富阳财富中心,迎宾北路77号,17500元/平(均价),https://hz.fang.lianjia.com/loupan/pg16/p_fycfzxabgra
昆盛肖邦,江干九堡镇九福路与九华路交叉口,35000元/平(均价),https://hz.fang.lianjia.com/loupan/pg16/p_ksxbabgrb
英冠乐创城,长龙路英冠乐创城,价格待定,https://hz.fang.lianjia.com/loupan/pg16/p_yglccabgvc
杭州港龙城,明月桥路杭州港龙城,23000元/平(均价),https://hz.fang.lianjia.com/loupan/pg13/p_hzglcabaiy
玲珑府,西兴路399号,35000元/平(均价),https://hz.fang.lianjia.com/loupan/pg13/p_llfabajv
金世纪运河丽园,东湖北路金世纪运河丽园,价格待定,https://hz.fang.lianjia.com/loupan/pg13/p_jsjyhlyabasr
九龙仓雍景山,受降镇闲祝公路向阳路交叉口,240万/套(均价),https://hz.fang.lianjia.com/loupan/pg13/p_jlcyjsabaxo
侨福一品高尔夫,海宁市农发区聆涛路,21500元/平(均价),https://hz.fang.lianjia.com/loupan/pg13/p_qfypgefabazx
海德公园,东吴路海德公园,价格待定,https://hz.fang.lianjia.com/loupan/pg13/p_hdgyabbqn
香港兴业耦园,五常街道耦园,价格待定,https://hz.fang.lianjia.com/loupan/pg13/p_xgxyoyabbsa
金色和庄,河庄大道金色和庄,14500元/平(均价),https://hz.fang.lianjia.com/loupan/pg13/p_jshzabbwm
滨湖天地,锦城街道望湖路8号滨湖天地,18494元/平(均价),https://hz.fang.lianjia.com/loupan/pg13/p_bhtdabbzj
滨江金茂府,滨盛路滨江金茂府,65981元/平(均价),https://hz.fang.lianjia.com/loupan/pg13/p_bjjmfabcfz
紫藤花墅,五峰路198号,330万/套(均价),https://hz.fang.lianjia.com/loupan/pg8/p_zthsaftgo
绿地华家池印,环城北路东2800米（艮山西路与秋涛北路交叉口）,56000元/平(均价),https://hz.fang.lianjia.com/loupan/pg8/p_ldhjcaaoyf
西溪新城市,文二西路西溪新城市,60000元/平(均价),https://hz.fang.lianjia.com/loupan/pg8/p_xxxcsaftie
海伦堡观澜,仙侠路和富江路交汇处,11000元/平(均价),https://hz.fang.lianjia.com/loupan/pg8/p_hlbglaftio
碧桂园东旭府,时代大道沿线，东方文化园南约1.6千米,18156元/平(均价),https://hz.fang.lianjia.com/loupan/pg8/p_bgydxfaftjs
铂金华府,西凌路15号,9200元/平(均价),https://hz.fang.lianjia.com/loupan/pg8/p_bjhfaftkt
融信沐澜,康良路融信沐澜,价格待定,https://hz.fang.lianjia.com/loupan/pg8/p_rxmlaftlj
德信时代之心,聚才路德信时代之心,40000元/平(均价),https://hz.fang.lianjia.com/loupan/pg8/p_dxsdzxaftnk
海洋花园,九龙山旅游度假区,15800元/平(均价),https://hz.fang.lianjia.com/loupan/pg8/p_hyhyaftnm
三湘印象森林海尚,源聚路和白石庙路交汇处,价格待定,https://hz.fang.lianjia.com/loupan/pg8/p_sxyxslhsaftns
宋都时间名座,藕花洲大街与宝幢路交叉口,25000元/平(均价),https://hz.fang.lianjia.com/loupan/pg17/p_sdsjmzabhip
广厦天都城天漾滨沁公寓,星桥镇广厦天都城内天都环道口,价格待定,https://hz.fang.lianjia.com/loupan/pg17/p_gstdctxabhpv
阳光城君悦龙山,百谢路与龙虎山路交叉口,10500元/平(均价),https://hz.fang.lianjia.com/loupan/pg17/p_ygcjylsabhwn
西湖公馆,珊瑚沙路西湖公馆,价格待定,https://hz.fang.lianjia.com/loupan/pg17/p_xhggabhzn
东新府,沈家路52号（东新园小区北门） ,269万/套(均价),https://hz.fang.lianjia.com/loupan/pg17/p_dxfabijp
西溪曼哈顿,余杭区高教路192号,28000元/平(均价),https://hz.fang.lianjia.com/loupan/pg17/p_hfswzxabiqo
御湖公馆,市心南路御湖公馆,23000元/平(均价),https://hz.fang.lianjia.com/loupan/pg17/p_yhggabirm
华策中心,花蒋路华策中心,36000元/平(均价),https://hz.fang.lianjia.com/loupan/pg17/p_hczxabirp
鼎和金座,星光街1197号,21000元/平(均价),https://hz.fang.lianjia.com/loupan/pg17/p_dhjzabjrc
天阳武林邸,永固路天阳武林邸,308万/套(均价),https://hz.fang.lianjia.com/loupan/pg17/p_tywldabjrh
悦青蓝,杨桥路悦青蓝,价格待定,https://hz.fang.lianjia.com/loupan/pg18/p_yqlabjsn
郡王府,黄家埠镇高兰公路旁,7500元/平(均价),https://hz.fang.lianjia.com/loupan/pg18/p_jwfabjvr
锦瑞苑,人民北路2号锦瑞苑,7500元/平(均价),https://hz.fang.lianjia.com/loupan/pg18/p_jryabjwa
未来悦,同顺路未来悦,37500元/平(均价),https://hz.fang.lianjia.com/loupan/pg18/p_wlyabkbp
杭钢万科紫晶首府,艮塔东路苎萝路口,12000元/平(均价),https://hz.fang.lianjia.com/loupan/pg18/p_zjsfabkjk
钱塘航空大厦,市民街钱塘航空大厦,35000元/平(均价),https://hz.fang.lianjia.com/loupan/pg18/p_qthkdxabkjp
钱江御府,候潮路钱江御府,48800元/平(均价),https://hz.fang.lianjia.com/loupan/pg18/p_qjyfabksx
东海闲湖城,天目山西路277号,30951元/平(均价),https://hz.fang.lianjia.com/loupan/pg18/p_dhxhcablag
富春港,登城北路40号,30000元/平(均价),https://hz.fang.lianjia.com/loupan/pg18/p_fcgablbc
西溪智慧健康谷,向往街990号西溪智慧健康谷,37000元/平(均价),https://hz.fang.lianjia.com/loupan/pg18/p_xxzhjkgablgx
莱茵河畔,锦绣路莱茵河畔,90万/套(均价),https://hz.fang.lianjia.com/loupan/pg19/p_lyhpablku
欧洲花园,太湖大道与长州路交叉口,10000元/平(均价),https://hz.fang.lianjia.com/loupan/pg19/p_ozhyabllc
太湖公馆,太湖东路18号,14000元/平(均价),https://hz.fang.lianjia.com/loupan/pg19/p_thggablli
金色黎明,水岸鑫城4号楼,8500元/平(均价),https://hz.fang.lianjia.com/loupan/pg19/p_hzwwlcablpn
易辰江南大院,锦北街道潘山村,26240元/平(均价),https://hz.fang.lianjia.com/loupan/pg19/p_ycndyablvp
世茂钱塘天誉,机场路与德胜东路交叉口,价格待定,https://hz.fang.lianjia.com/loupan/pg19/p_smqttyabmgg
云山九里,金中路8号,30000元/平(均价),https://hz.fang.lianjia.com/loupan/pg19/p_ysjlabmgq
绿城桃李春风,青山湖科技大道绿城桃李春风,价格待定,https://hz.fang.lianjia.com/loupan/pg19/p_lctlcfabmht
融信公馆arc,学院北路与隐秀路交汇处,59000元/平(均价),https://hz.fang.lianjia.com/loupan/pg19/p_rxggaabmij
绿地G合里金宸,山阴路608号,30000元/平(均价),https://hz.fang.lianjia.com/loupan/pg19/p_ghlcabmlp
璞玉公馆,杭乔路与德胜东路高架交汇处,33000元/平(均价),https://hz.fang.lianjia.com/loupan/pg20/p_pyggabmls
文渊狮城,千岛湖风景区,价格待定,https://hz.fang.lianjia.com/loupan/pg20/p_wyscabmmj
中交财富中心,莫干山路与萍水街交汇处,28000元/平(均价),https://hz.fang.lianjia.com/loupan/pg20/p_zjcfzxabmoj
华瑞中心,庆丰路19号,26000元/平(均价),https://hz.fang.lianjia.com/loupan/pg20/p_hrzxabmpx
西溪新城市,文二西路西溪新城市,50000元/平(均价),https://hz.fang.lianjia.com/loupan/pg20/p_xxxcsabmue
泰禾野风大城小院,九龙大道180号,价格待定,https://hz.fang.lianjia.com/loupan/pg20/p_yfsabmui
O纪元,市心北路O纪元,42000元/平(均价),https://hz.fang.lianjia.com/loupan/pg20/p_ojyabmvh
西城时代翰林院,五峰路251号,8800元/平(均价),https://hz.fang.lianjia.com/loupan/pg20/p_xcsdhlyabmzc
东方铭楼,下沙街道金沙大道281号,35000元/平(均价),https://hz.fang.lianjia.com/loupan/pg20/p_dfmlabnbe
德信杭州之翼,明月桥路与鸿泰路交叉口,185万/套(均价),https://hz.fang.lianjia.com/loupan/pg20/p_dxhzzyabnbw
绿地华家池印,环城北路东2800米（艮山西路与秋涛北路交叉口）,42000元/平(均价),https://hz.fang.lianjia.com/loupan/pg22/p_ldhjcyabnyw
富春硅谷,九龙大道398号,价格待定,https://hz.fang.lianjia.com/loupan/pg22/p_fcggabobr
欧美金融城,文一西路和水城北路交汇处,价格待定,https://hz.fang.lianjia.com/loupan/pg22/p_omjrcabobs
融创金成江南府,天目山西路融创金成江南府,22300元/平(均价),https://hz.fang.lianjia.com/loupan/pg22/p_rcjcjnfabods
融创望海潮,建设一路融创望海潮,32700元/平(均价),https://hz.fang.lianjia.com/loupan/pg22/p_rcwhcabodv
大都尚澜,东湖北路大都尚澜,9700元/平(均价),https://hz.fang.lianjia.com/loupan/pg22/p_ddslabohm
凤起潮鸣,凤起路与环城东路交叉口,80000元/平(均价),https://hz.fang.lianjia.com/loupan/pg22/p_fqcmabomb
樾珑台,环塘路樾珑台,价格待定,https://hz.fang.lianjia.com/loupan/pg22/p_yltabomc
招商武林郡,九环路润和武林郡,价格待定,https://hz.fang.lianjia.com/loupan/pg22/p_rhwljabomg
绿城建发沁园,丰潭路绿城建发沁园,价格待定,https://hz.fang.lianjia.com/loupan/pg22/p_lcjfqyabomk
西房拱宸外滩,崇杭街西房拱宸外滩,18500元/平(均价),https://hz.fang.lianjia.com/loupan/pg21/p_xfgcwtabnca
复地壹中心,莫干山路与育英路交叉口,60000元/平(均价),https://hz.fang.lianjia.com/loupan/pg21/p_fdyzxabnco
京港国际,市心北路与皓月路交叉口,28000元/平(均价),https://hz.fang.lianjia.com/loupan/pg21/p_jggjabncp
力雅广场,富春路528号,17500元/平(均价),https://hz.fang.lianjia.com/loupan/pg21/p_lygcabndi
永和之星,萧绍东路202号,31500元/平(均价),https://hz.fang.lianjia.com/loupan/pg21/p_yhzxabnln
临平新时代,南苑街道藕花洲大街东段1号,16000元/平(均价),https://hz.fang.lianjia.com/loupan/pg21/p_lpxsdabnmo
恒祺克拉天玺,天城路恒祺克拉天玺,40000元/平(均价),https://hz.fang.lianjia.com/loupan/pg21/p_hqkltxabnmw
万融城,祥富路与杨家浜路东南角,价格待定,https://hz.fang.lianjia.com/loupan/pg21/p_wrcabnnp
中新大厦,良睦路与文一西路交叉口,30000元/平(均价),https://hz.fang.lianjia.com/loupan/pg21/p_zxdsabnpg
万科智谷,石祥路208号,32500元/平(均价),https://hz.fang.lianjia.com/loupan/pg21/p_wkzgabnvs
绿都云和湖,庄墩路绿都云和湖,30000元/平(均价),https://hz.fang.lianjia.com/loupan/pg23/p_ldyhhabomn
雨润星雨华府,环北路雨润星雨华府,15600元/平(均价),https://hz.fang.lianjia.com/loupan/pg23/p_yrxyhfabomu
中粮梦栖祥云,杜文路中粮梦栖祥云,26000元/平(均价),https://hz.fang.lianjia.com/loupan/pg23/p_zlmqxyabond
风荷郡,横三路风荷郡,价格待定,https://hz.fang.lianjia.com/loupan/pg23/p_fhjabone
招商越秀公园1872,建华路招商越秀公园1872,40400元/平(均价),https://hz.fang.lianjia.com/loupan/pg23/p_zsyxgyabonj
中海钱江湾,塘工局路中海钱江湾,760万/套(均价),https://hz.fang.lianjia.com/loupan/pg23/p_zhqjwabonl
阳光城未来悦,文二西路阳光城未来悦,价格待定,https://hz.fang.lianjia.com/loupan/pg23/p_ygcwlyabonm
和家园雍园,杨梅山路和家园雍园,46500元/平(均价),https://hz.fang.lianjia.com/loupan/pg23/p_hjyyyabonn
佳源湘湖印象,风情大道佳源湘湖印象,31500元/平(均价),https://hz.fang.lianjia.com/loupan/pg23/p_jyxhyxabonv
东方世贸城,新城路2517号,25000元/平(均价),https://hz.fang.lianjia.com/loupan/pg23/p_dfsmcabonw
保亿绿城奥邸国际,博奥府保亿绿城奥邸国际,45000元/平(均价),https://hz.fang.lianjia.com/loupan/pg24/p_bylcadgjabooi
中南君奥时代,香樟路中南君奥时代,价格待定,https://hz.fang.lianjia.com/loupan/pg24/p_znjasdabooj
中旅名门府,建设一路中旅名门府,价格待定,https://hz.fang.lianjia.com/loupan/pg24/p_zlmmfabook
中赢云际,江虹路中赢云际,52000元/平(均价),https://hz.fang.lianjia.com/loupan/pg24/p_zyyjabopm
郡西云台,杭州市余杭区良渚文化村郡西云台,1000万/套(均价),https://hz.fang.lianjia.com/loupan/pg24/p_jxytaboqi
迪凯城星国际,城星路迪凯城星国际,47000元/平(均价),https://hz.fang.lianjia.com/loupan/pg24/p_dkcxgjaboqt
银亿上府,兴业北路442号,11000元/平(均价),https://hz.fang.lianjia.com/loupan/pg24/p_yysfabosr
中旅紫金名门,振华路10号,35000元/平(均价),https://hz.fang.lianjia.com/loupan/pg24/p_zlzjmmabouq
中粮天悦大悦城,莫干山路与隐秀路交叉口,价格待定,https://hz.fang.lianjia.com/loupan/pg24/p_zltydycabqsi
中天珺府,科技大道2988号,16249元/平(均价),https://hz.fang.lianjia.com/loupan/pg24/p_ztjfabqwe
杭州壹号院,飞虹路与七贾闸弄路口,价格待定,https://hz.fang.lianjia.com/loupan/pg25/p_hzyhyabqwv
佳源湘湖印象,风情大道佳源湘湖印象,23000元/平(均价),https://hz.fang.lianjia.com/loupan/pg25/p_jyxhyxabqxb
融创微风之城,东桥路169号,价格待定,https://hz.fang.lianjia.com/loupan/pg25/p_rcwfzcabqyo
融创金成十锦台,马溪路融创金成十景台,21350元/平(均价),https://hz.fang.lianjia.com/loupan/pg25/p_rcjcsjtabqyr
杭州中央车站广场,东宁路杭州中央车站广场,40000元/平(均价),https://hz.fang.lianjia.com/loupan/pg25/p_hzzyczgcabrud
苕溪壹号,临水路苕溪壹号,21500元/平(均价),https://hz.fang.lianjia.com/loupan/pg25/p_sxyhabrvp
保利中心,新塘路保利中央公馆,28000元/平(均价),https://hz.fang.lianjia.com/loupan/pg25/p_blzxabrwj
卧龙天香南园,上虞区舜耕大道春晖大道路口,11000元/平(均价),https://hz.fang.lianjia.com/loupan/pg25/p_wltxnyabrxj
万固观澜府,洋安大道万固观澜府,14500元/平(均价),https://hz.fang.lianjia.com/loupan/pg25/p_wgglfabryl
名门东和园,文宗南路185-1,15000元/平(均价),https://hz.fang.lianjia.com/loupan/pg25/p_mmdhyabrzu
星南站,商城南路999号,27000元/平(均价),https://hz.fang.lianjia.com/loupan/pg26/p_xnzabrzw
天地墅园,所前大道天地墅园,23000元/平(均价),https://hz.fang.lianjia.com/loupan/pg26/p_tdsyabscv
南润名座,萧山蜀山路418号,价格待定,https://hz.fang.lianjia.com/loupan/pg26/p_nrmzabsdu
和家园臻园,杨梅山路和家园臻园,价格待定,https://hz.fang.lianjia.com/loupan/pg26/p_hjyzyabsea
港汇广场,崇德西路310号,12000元/平(均价),https://hz.fang.lianjia.com/loupan/pg26/p_ghgcabtvm
西溪永乐城,景兴路西溪永乐城,29000元/平(均价),https://hz.fang.lianjia.com/loupan/pg26/p_xxylcabtxj
万通中心,上塘路杭州万通中心,70000元/平(均价),https://hz.fang.lianjia.com/loupan/pg26/p_wtzxabxcs
运河公馆,小河路与花园岗街交汇处,65000元/平(均价),https://hz.fang.lianjia.com/loupan/pg26/p_yhggabxcu
运河公馆,小河路与花园岗街交汇处,30000元/平(均价),https://hz.fang.lianjia.com/loupan/pg26/p_yhggabxcv
绿城桃源小镇,闲林西路西溪山庄,价格待定,https://hz.fang.lianjia.com/loupan/pg26/p_lctyxzabxde
阳光城翡丽海岸,滨海大道与华丰路交汇处,13000元/平(均价),https://hz.fang.lianjia.com/loupan/pg28/p_bcabxpd
碧桂园天元府,慈溪杭州湾新区 周巷镇天元大道与周浒公路交界处,9800元/平(均价),https://hz.fang.lianjia.com/loupan/pg28/p_bgytyfaceyt
安邦郡园,慈溪市周巷城中大道与北二环路交叉路口,11000元/平(均价),https://hz.fang.lianjia.com/loupan/pg28/p_abjyacfaa
世包国际中心,市民街99号,43000元/平(均价),https://hz.fang.lianjia.com/loupan/pg28/p_sbgjzxacfao
新西湖小镇,杭泰路69号,21000元/平(均价),https://hz.fang.lianjia.com/loupan/pg28/p_xxhxzacfaq
嘉丰万悦城,东湖北路嘉丰万悦城,30000元/平(均价),https://hz.fang.lianjia.com/loupan/pg28/p_jfwycacfdb
金泰公馆,文苑南路金泰公馆,15500元/平(均价),https://hz.fang.lianjia.com/loupan/pg28/p_jtggacgme
绿城华景川蘭园,许村镇政府北侧海宁五中南侧,16600元/平(均价),https://hz.fang.lianjia.com/loupan/pg28/p_lchjclyacjsd
时代湘湖,御湘湖北二门（湘湖路南）,38000元/平(均价),https://hz.fang.lianjia.com/loupan/pg28/p_sdxhacjsk
融创微风之城,东桥路169号,价格待定,https://hz.fang.lianjia.com/loupan/pg28/p_rcwfzcacjsp
世茂天宸,艮山西路95号,44000元/平(均价),https://hz.fang.lianjia.com/loupan/pg29/p_smtcacjsz
万城雅园,硖斜路万城雅园,13500元/平(均价),https://hz.fang.lianjia.com/loupan/pg29/p_wcyyaclau
合生杭州湾国际新城,杭州湾新区中兴一路1433号（靠近滨海二路）,10800元/平(均价),https://hz.fang.lianjia.com/loupan/pg29/p_hshzwgjxcaclaz
地铁绿城杨柳郡,九和路516号,35780元/平(均价),https://hz.fang.lianjia.com/loupan/pg29/p_dtlcyljaahvc
绿城桃李春风,青山湖科技大道绿城桃李春风,28000元/平(均价),https://hz.fang.lianjia.com/loupan/pg29/p_lctlcfaahwi
中栋国际,建设一路中栋国际,23000元/平(均价),https://hz.fang.lianjia.com/loupan/pg29/p_zdgjbidqi
上坤山语四季,顺风路上坤山语四季,价格待定,https://hz.fang.lianjia.com/loupan/pg29/p_ksysjbidqq
四季华府,向阳路沈塘路交叉口,11000元/平(均价),https://hz.fang.lianjia.com/loupan/pg29/p_sjhfbidsj
宋都麓宸府,江连路宋都麓宸府,17000元/平(均价),https://hz.fang.lianjia.com/loupan/pg29/p_sdlcfbidub
糖朝汇,金惠路糖朝汇,35000元/平(均价),https://hz.fang.lianjia.com/loupan/pg29/p_tzhbidwd
绿城雄凯国际,萧绍路591号,37000元/平(均价),https://hz.fang.lianjia.com/loupan/pg27/p_lcxkgjabxfw
盈都五角广场,高沙路地铁站东100米,价格待定,https://hz.fang.lianjia.com/loupan/pg27/p_ydwjgcabxfz
龙湖西溪天街,余杭塘路龙湖西溪天街,42500元/平(均价),https://hz.fang.lianjia.com/loupan/pg27/p_lhxxtjabxga
汉港武林汇,莫干山路和申花路交叉口,37000元/平(均价),https://hz.fang.lianjia.com/loupan/pg27/p_hgwlhabxgp
理想世纪金座,世纪大道674号,26000元/平(均价),https://hz.fang.lianjia.com/loupan/pg27/p_lxsjjzabxgq
新城璟隽公馆,建设一路与经十二路交叉口,32000元/平(均价),https://hz.fang.lianjia.com/loupan/pg27/p_xcjjggabxgr
联发藏珑玉墅,良渚大道和康良路交叉口向西200米,28000元/平(均价),https://hz.fang.lianjia.com/loupan/pg27/p_lfclysabxgs
滨江江南名府,通惠北路与建设二路交汇处,31815元/平(均价),https://hz.fang.lianjia.com/loupan/pg27/p_bjjnmfabxiz
保亿绿城奥邸国际,博奥府保亿绿城奥邸国际,49653元/平(均价),https://hz.fang.lianjia.com/loupan/pg27/p_bylcadgjabxkm
蒲公英天地,下沙2号大街（学府路）与23号大街（文汇路）的交叉口,130万/套(均价),https://hz.fang.lianjia.com/loupan/pg27/p_pgytdabxkn
西塘玺樾,宏福路西塘玺樾,18000元/平(均价),https://hz.fang.lianjia.com/loupan/pg30/p_xtxybidwk
碧桂园玖晟府,双拥路碧桂园玖晟府,16455元/平(均价),https://hz.fang.lianjia.com/loupan/pg30/p_bgyjcfbidwz
东方文化园步行街,义桥镇时代大道与湘建线交叉口,60万/套(均价),https://hz.fang.lianjia.com/loupan/pg30/p_dfwhybxjbieab
官山邸,吴越文化公园内,17003元/平(均价),https://hz.fang.lianjia.com/loupan/pg30/p_gsdbiebn
碧桂园紫宸府,中山北路碧桂园紫宸府,13000元/平(均价),https://hz.fang.lianjia.com/loupan/pg30/p_bgyzcfbieco
聚东德胜府,安澜路与春汇路交叉口,19500元/平(均价),https://hz.fang.lianjia.com/loupan/pg30/p_jddsfbieik
碧桂园观邸,汝湖路碧桂园观邸,11000元/平(均价),https://hz.fang.lianjia.com/loupan/pg30/p_bgygdbieio
安吉清华园,灵峰街道墨竹路93号,10000元/平(均价),https://hz.fang.lianjia.com/loupan/pg30/p_ajqhybieqk
滨江新城东方名府,建设二路滨江新城东方名府,25000元/平(均价),https://hz.fang.lianjia.com/loupan/pg30/p_bjxcdfmfbietd
江南钱塘里,建设路124-1号,12000元/平(均价),https://hz.fang.lianjia.com/loupan/pg30/p_jntlbifbf
紫金公园府,梅北路紫金公园府,11500元/平(均价),https://hz.fang.lianjia.com/loupan/pg31/p_zjgyfbifbk
锦城豪庭,姚庄大道锦城豪庭,15000元/平(均价),https://hz.fang.lianjia.com/loupan/pg31/p_jchtbifcq
崇福百悦公馆,世纪大道崇福百悦公馆,12000元/平(均价),https://hz.fang.lianjia.com/loupan/pg31/p_cfbyggbifda
融创海逸长洲,盐北路融创海逸长洲,16900元/平(均价),https://hz.fang.lianjia.com/loupan/pg31/p_rchyczbifed
万达新公馆,广益路万达新公馆,15000元/平(均价),https://hz.fang.lianjia.com/loupan/pg31/p_wdxggbiffx
云水山居,银湖区九龙大道延伸段（杭州野生动物园附近）,12503元/平(均价),https://hz.fang.lianjia.com/loupan/pg31/p_yssjbiflz
中梁泊景庭,宗汉大道95-5号,10500元/平(均价),https://hz.fang.lianjia.com/loupan/pg31/p_zlbjtbifmq
中骏柏景湾,钱王大街中骏柏景湾,17230元/平(均价),https://hz.fang.lianjia.com/loupan/pg31/p_zjbjwbifnf
振泽左右办公世界,萧山鸿宁路与皓月路交叉口,30000元/平(均价),https://hz.fang.lianjia.com/loupan/pg31/p_zzzybgsjbifqo
滨江御江南,金鸡路滨江御江南,价格待定,https://hz.fang.lianjia.com/loupan/pg31/p_bjyjnbihal
德信浙旅天空之翼,港城大道天空之翼,价格待定,https://hz.fang.lianjia.com/loupan/pg32/p_dxzltkzybihiu
滨江御江南,金鸡路滨江御江南,价格待定,https://hz.fang.lianjia.com/loupan/pg32/p_bjyjnbihiw
嵊州融信创世纪,官河南路与杨港路交叉口（嵊州国际会展中心对面）,9000元/平(均价),https://hz.fang.lianjia.com/loupan/pg32/p_bcbijqt
嵊州融信创世纪,官河南路与杨港路交叉口（嵊州国际会展中心对面）,18000元/平(均价),https://hz.fang.lianjia.com/loupan/pg32/p_bcbijqu
旭辉东原吴越府,万马路与福兴街交叉口,17083元/平(均价),https://hz.fang.lianjia.com/loupan/pg32/p_xhdywyfbildi
兆通一品,余姚万达广场旁,7500元/平(均价),https://hz.fang.lianjia.com/loupan/pg32/p_ztypbildz
森海豪庭,兴北路90号,9000元/平(均价),https://hz.fang.lianjia.com/loupan/pg32/p_shhtbilea
城市方格,新丰路1054号,12000元/平(均价),https://hz.fang.lianjia.com/loupan/pg32/p_csfgbilfl
宁波公馆,甬水桥路181号,20000元/平(均价),https://hz.fang.lianjia.com/loupan/pg32/p_nbggbilfm
奥园奥创中心,蓝天路奥园.奥创中心,21000元/平(均价),https://hz.fang.lianjia.com/loupan/pg32/p_ayczxbilfq
奥园奥创中心,蓝天路奥园.奥创中心,35000元/平(均价),https://hz.fang.lianjia.com/loupan/pg33/p_ayczxbilfr
大家金钰府,公望街大家金钰府,19800元/平(均价),https://hz.fang.lianjia.com/loupan/pg33/p_djjyfbiljd
临安宝龙广场,农林大路临安宝龙广场,16500元/平(均价),https://hz.fang.lianjia.com/loupan/pg33/p_lablgcbillp
旭辉融信定山海,兴丰路旭辉融信定山海,价格待定,https://hz.fang.lianjia.com/loupan/pg33/p_xhrxdshbilob
环球公馆,文昌路1290号,11000元/平(均价),https://hz.fang.lianjia.com/loupan/pg33/p_hqggbilqg
城中府,城中街城中府,16900元/平(均价),https://hz.fang.lianjia.com/loupan/pg33/p_czfbilry
富力城悦界,戴山路富力城悦界,10000元/平(均价),https://hz.fang.lianjia.com/loupan/pg33/p_flcyjbiltc
合能宁玥府,会展路合能宁玥府,34000元/平(均价),https://hz.fang.lianjia.com/loupan/pg33/p_hnnyfbiltf
天阳蓝光蔚蓝,天柱街天阳蔚蓝,19200元/平(均价),https://hz.fang.lianjia.com/loupan/pg33/p_tylgwlbilts
国能悦玺台,灵凤路国能悦玺台,15421元/平(均价),https://hz.fang.lianjia.com/loupan/pg33/p_gnyxtbiltt
绿城国际社区,岗阳街绿城国际社区,16500元/平(均价),https://hz.fang.lianjia.com/loupan/pg34/p_lcgjsqbilua
正荣碧桂园悦公馆,闻川路780号,12000元/平(均价),https://hz.fang.lianjia.com/loupan/pg34/p_zrbgyyggbilwl
千岛湖雨润星雨华府,环湖北路1888号,价格待定,https://hz.fang.lianjia.com/loupan/pg34/p_qdhyrxyhfbimay
奥体万科中心,民祥路奥体万科中心,30000元/平(均价),https://hz.fang.lianjia.com/loupan/pg34/p_atwkzxbimeu
宋都相贤府,青六南路宋都相贤府,27800元/平(均价),https://hz.fang.lianjia.com/loupan/pg34/p_sdxxfbimhr
杭钢万科紫晶首府,艮塔东路苎萝路口,13000元/平(均价),https://hz.fang.lianjia.com/loupan/pg34/p_zjsfbimlg
万科桂语东方,人民大道与景德路交叉口北200米,21000元/平(均价),https://hz.fang.lianjia.com/loupan/pg34/p_wkgydfbimly
融信宋都南山府,长汀路333号,12580元/平(均价),https://hz.fang.lianjia.com/loupan/pg34/p_rxsdnsfbimmc
万科潮起东方,启潮路与春石路交叉口,185万/套(均价),https://hz.fang.lianjia.com/loupan/pg34/p_wkcqdfbimmd
融信宋都南山府,长汀路333号,450万/套(均价),https://hz.fang.lianjia.com/loupan/pg34/p_rxsdnsfbimme
金地玖峯汇,杭海路与九福路交汇处,32848元/平(均价),https://hz.fang.lianjia.com/loupan/pg35/p_jdjfhbimmk
万科潮起东方,启潮路与春石路交叉口,550万/套(均价),https://hz.fang.lianjia.com/loupan/pg35/p_wkcqdfbimmm
运河万科中心,拱墅区湖州街萍水东街交叉口,价格待定,https://hz.fang.lianjia.com/loupan/pg35/p_yhwkzxbimmt
鸿翔东方郡,越川路鸿翔东方郡,14500元/平(均价),https://hz.fang.lianjia.com/loupan/pg35/p_hxdfjbimnf
佳源海棠府,海棠路佳源海棠府,18500元/平(均价),https://hz.fang.lianjia.com/loupan/pg35/p_jyhtfbimtg
金地玖峯汇,杭海路与九福路交汇处,45995元/平(均价),https://hz.fang.lianjia.com/loupan/pg35/p_jdjfhbimuf
保利融信和光尘樾,古墩路保利融信和光尘樾,24453元/平(均价),https://hz.fang.lianjia.com/loupan/pg35/p_blrxhgcybimvz
越秀湖山悦,望湖路越秀湖山悦,17867元/平(均价),https://hz.fang.lianjia.com/loupan/pg35/p_yxhsybimwi
合景天誉,山阴路合景天誉,34107元/平(均价),https://hz.fang.lianjia.com/loupan/pg35/p_hjtybimwu
融信创世纪,官河南路融信创世纪,9000元/平(均价),https://hz.fang.lianjia.com/loupan/pg35/p_rxcsjbinbc
星耀中心,滨和路598号,价格待定,https://hz.fang.lianjia.com/loupan/pg36/p_xyzxbinbi
阳光城拱宸府,青天巷与跟新路交汇处,41500元/平(均价),https://hz.fang.lianjia.com/loupan/pg36/p_ygcgcfbincb
和昌云栖玖著,银湖开发区320国道与九龙大道交汇处,价格待定,https://hz.fang.lianjia.com/loupan/pg36/p_hcyqjzbingm
金地滨江万科悦虹湾,风情大道金地滨江万科悦虹湾,49463元/平(均价),https://hz.fang.lianjia.com/loupan/pg36/p_jdbjwkyhwbinjd
资辉壹方汇,莫干山路987号,39000元/平(均价),https://hz.fang.lianjia.com/loupan/pg36/p_zhyfhbinmx
德信杭州ONE,杭义路德信杭州ONE,29500元/平(均价),https://hz.fang.lianjia.com/loupan/pg36/p_dxhzobinni
金辉江山云著,天万路金辉江山云著,价格待定,https://hz.fang.lianjia.com/loupan/pg36/p_jhjsyzbinof
中梁申花百悦公馆,莫干山路中梁申花百悦公馆,价格待定,https://hz.fang.lianjia.com/loupan/pg36/p_zlshbyggbinqa
前湾国际社区,竞潮路前湾国际社区,30145元/平(均价),https://hz.fang.lianjia.com/loupan/pg36/p_qwgjsqbinrb
融创江南壹号院,竞潮路融创江南壹号院,28300元/平(均价),https://hz.fang.lianjia.com/loupan/pg36/p_rcjnyhybinse
紫金梦想广场,欣然街303,价格待定,https://hz.fang.lianjia.com/loupan/pg37/p_zjmxgcbinvh
创道国际 C PARK,萍水街创道国际 C PARK,35000元/平(均价),https://hz.fang.lianjia.com/loupan/pg37/p_cdgjbinvo
新城棠樾,柯桥区杨绍线与兴工路交叉口,11500元/平(均价),https://hz.fang.lianjia.com/loupan/pg37/p_bcbiqbj
北宸府,海曙区鄞奉路与南苑街交汇处南塘老街旁,31000元/平(均价),https://hz.fang.lianjia.com/loupan/pg37/p_bcfbiqrm
时代滨江翡翠之星,风情大道301号,39800元/平(均价),https://hz.fang.lianjia.com/loupan/pg37/p_sdbjfczxbiqtt
招商I-Park,新塘路与五号港之路交叉口,价格待定,https://hz.fang.lianjia.com/loupan/pg37/p_zsibiqxs
招商I-Park,新塘路与五号港之路交叉口,55000元/平(均价),https://hz.fang.lianjia.com/loupan/pg37/p_zsibiqxt
宝龙旭辉城,科技大道宝龙旭辉城,价格待定,https://hz.fang.lianjia.com/loupan/pg37/p_blxhcbiqzl
首开杭州金茂府,隐秀路433号,1260万/套(均价),https://hz.fang.lianjia.com/loupan/pg37/p_skhzjmfbiqzw
龙湖江与城,大江东青六路与江东大道交叉口往北,20000元/平(均价),https://hz.fang.lianjia.com/loupan/pg37/p_lhjycbircw
中天钱塘玥,创智路中天钱塘玥,18500元/平(均价),https://hz.fang.lianjia.com/loupan/pg38/p_ztqtybiric
融信远洋厘望NEO1,莫干山路融信远洋厘望NEO1,价格待定,https://hz.fang.lianjia.com/loupan/pg38/p_rxyylwnbirix
卓越·蔚蓝海岸,宁波杭州湾新区.杭州湾大道与滨海五路交汇处西南角,12500元/平(均价),https://hz.fang.lianjia.com/loupan/pg38/p_zylhabirop
金地都会艺境,新昌路金地都会艺境,15500元/平(均价),https://hz.fang.lianjia.com/loupan/pg38/p_jddhyjbirxc
天城府天著,石桥路天成府天著,价格待定,https://hz.fang.lianjia.com/loupan/pg38/p_tcftzbiuhj
卓越泓玺台,秀园路卓越泓玺台,17000元/平(均价),https://hz.fang.lianjia.com/loupan/pg38/p_zyhxtbiuik
宋都如意春江,滨东大道,17200元/平(均价),https://hz.fang.lianjia.com/loupan/pg38/p_sdrycjbiuin
碧桂园海上传奇,杭州湾大道碧桂园海上传奇,11000元/平(均价),https://hz.fang.lianjia.com/loupan/pg38/p_bgyhscqbivny
碧桂园中梁凤鸣公馆,锦城街道钱王街和锦天路交叉口西侧约200米,19103元/平(均价),https://hz.fang.lianjia.com/loupan/pg38/p_bgyzlfmggbivps
春天学府,城中街与锦天路交叉口,18818元/平(均价),https://hz.fang.lianjia.com/loupan/pg38/p_ctxfbivpy
融创金成臻蓝府,桃源街融创金成臻蓝府,价格待定,https://hz.fang.lianjia.com/loupan/pg39/p_cjczlfbivqf
金泰时尚花苑,海宁大道金泰时尚花苑,13000元/平(均价),https://hz.fang.lianjia.com/loupan/pg39/p_jtsshybivtf
银城云谷天境,庄墩路银城云谷天境,价格待定,https://hz.fang.lianjia.com/loupan/pg39/p_ycygtjbivtn
荣盛祥云府,嘉兴市秀洲新区城东路与鸣羊路交汇处西北,11500元/平(均价),https://hz.fang.lianjia.com/loupan/pg39/p_rsxyfbivvn
1872花园坊,大闸路1872花园坊,20226元/平(均价),https://hz.fang.lianjia.com/loupan/pg39/p_1yfbivya
朗诗清澄,江北大道朗诗清澄,15000元/平(均价),https://hz.fang.lianjia.com/loupan/pg39/p_lsqcbivyl
银亿环球中心,日新街95号,20000元/平(均价),https://hz.fang.lianjia.com/loupan/pg39/p_yyhqzxbivyn
湖滨外滩, 滨湖新区阿里山大酒店东面,18916元/平(均价),https://hz.fang.lianjia.com/loupan/pg39/p_hbwtbiwbb
东方新天地,仰山路东方新天地,13500元/平(均价),https://hz.fang.lianjia.com/loupan/pg39/p_dfxtdbiwet
锦上桃源,丰源街锦上桃源,31000元/平(均价),https://hz.fang.lianjia.com/loupan/pg39/p_jstybiwhh
保利滨江上品,甬江路保利滨江上品,价格待定,https://hz.fang.lianjia.com/loupan/pg41/p_blbjspbiyqz
都会风华,明月路都会风华,价格待定,https://hz.fang.lianjia.com/loupan/pg41/p_dhfhbiyra
绿地艺尚府,翁乔路绿地艺尚府,价格待定,https://hz.fang.lianjia.com/loupan/pg41/p_ldysfbiyrk
融信旭辉湘湖悦章,风情大道融信旭辉湘湖悦章,价格待定,https://hz.fang.lianjia.com/loupan/pg41/p_rxxhxhyzbiyrl
越秀西海岸,星港路越秀西海岸,16933元/平(均价),https://hz.fang.lianjia.com/loupan/pg41/p_yxxhabiyvi
融创金成璞樾大观,农林大路融创金成璞樾大观,价格待定,https://hz.fang.lianjia.com/loupan/pg41/p_rcjcpydgbiyvl
大家栖溪,苕溪北路14号,价格待定,https://hz.fang.lianjia.com/loupan/pg41/p_djqxbiyvp
旭辉中粮朗香郡,崇文路旭辉中粮朗香郡,价格待定,https://hz.fang.lianjia.com/loupan/pg41/p_xhzllxjbiyvu
荣安柳岸闻莺,兴国路与星辰路交汇处,价格待定,https://hz.fang.lianjia.com/loupan/pg41/p_ralawybiywe
新湖菲林山,文二西路果岭花苑,价格待定,https://hz.fang.lianjia.com/loupan/pg41/p_xhflsbiywi
新希望滨江锦粼府,建设一路新希望滨江锦粼府,价格待定,https://hz.fang.lianjia.com/loupan/pg42/p_xxwbjjlfbiyxj
融信旭辉湘湖悦章,风情大道融信旭辉湘湖悦章,价格待定,https://hz.fang.lianjia.com/loupan/pg42/p_rxxhxhyzbizmg
保亿湘湖和院,亚太路保亿湘湖和院,价格待定,https://hz.fang.lianjia.com/loupan/pg42/p_byxhhybjaiw
瑞城熙园,运溪路121号,37017元/平(均价),https://hz.fang.lianjia.com/loupan/pg42/p_rcxybjbji
憬天国际名座,萧山通惠南路(南环向南一百米),16850元/平(均价),https://hz.fang.lianjia.com/loupan/pg42/p_txjtgjaeefo
九龙仓君玺,东新路21号,65000元/平(均价),https://hz.fang.lianjia.com/loupan/pg42/p_jlcjxaaoaq
融信杭州公馆,学院路融信杭州公馆,价格待定,https://hz.fang.lianjia.com/loupan/pg42/p_rxhzggaaodh
万科未来城二期,古墩路万科未来城二期,23086元/平(均价),https://hz.fang.lianjia.com/loupan/pg42/p_wlceqaaodi
新世纪建材装饰市场,通惠北路168号,23000元/平(均价),https://hz.fang.lianjia.com/loupan/pg42/p_hcsjjczsscafmir
金洲海尚,华丰路金洲海尚,13000元/平(均价),https://hz.fang.lianjia.com/loupan/pg42/p_jzhsafmja
佳源中心广场,伞城大道佳源中心广场,价格待定,https://hz.fang.lianjia.com/loupan/pg43/p_jyzxgcafmkn
和昌云潮,纬四路与沙秀路交叉口,30000元/平(均价),https://hz.fang.lianjia.com/loupan/pg43/p_hcycafmlf
大江东宝龙广场,青六路与江东大道交汇口,14000元/平(均价),https://hz.fang.lianjia.com/loupan/pg43/p_djdblgcafmmi
赞成乐山红叶,天目山西路赞成乐山红叶,1400万/套(均价),https://hz.fang.lianjia.com/loupan/pg43/p_zcyshyyxaaorw
东渡酩悦,东宁路与鸿泰路口交叉口,45000元/平(均价),https://hz.fang.lianjia.com/loupan/pg43/p_ddmyafrpv
万固滨江越珑府,三环路与五星路交叉路口,14000元/平(均价),https://hz.fang.lianjia.com/loupan/pg43/p_wgbjylfafrvv
柳岸春风,百禾路柳岸春风,12000元/平(均价),https://hz.fang.lianjia.com/loupan/pg43/p_lacfafrxj
融信萧山公馆,市心中路融信萧山公馆,价格待定,https://hz.fang.lianjia.com/loupan/pg43/p_rxxsggabfts
绿城九龙仓柳岸晓风,闻涛路绿城九龙仓柳岸晓风,价格待定,https://hz.fang.lianjia.com/loupan/pg43/p_lcjlclaxfafsai
钱江国际时代广场,钱江新城富春路钱江国际时代广场,价格待定,https://hz.fang.lianjia.com/loupan/pg43/p_qjgjsdgcafsen
城市之星,中心东新路城市之星,价格待定,https://hz.fang.lianjia.com/loupan/pg40/p_cszxbiwjf
杭州大家,拱墅区舟山东路和东教路交叉口,价格待定,https://hz.fang.lianjia.com/loupan/pg40/p_hzdjbiwlw
德信金茂佳源府,风情大道德信金茂佳源府,价格待定,https://hz.fang.lianjia.com/loupan/pg40/p_dxjmjyfbiwpn
御东方,三义路御东方,价格待定,https://hz.fang.lianjia.com/loupan/pg40/p_ydfbixhp
东原旭辉璞阅,通惠路东原旭辉璞阅,价格待定,https://hz.fang.lianjia.com/loupan/pg40/p_dyxhpybixnu
东原旭辉璞阅,通惠路东原旭辉璞阅,价格待定,https://hz.fang.lianjia.com/loupan/pg40/p_dyxhpybixog
金地广场,古墩路与金渡北路交叉口西北角加油站旁,25000元/平(均价),https://hz.fang.lianjia.com/loupan/pg40/p_jdgcbixqp
滨江东方海岸,"湘湖路滨江东方海岸, 三江路68号",18000元/平(均价),https://hz.fang.lianjia.com/loupan/pg40/p_bjdfhabixqz
中海云宸,滨康路397号,价格待定,https://hz.fang.lianjia.com/loupan/pg40/p_zhycbixrg
德信九溪云庄,丽景路德信九溪云庄,价格待定,https://hz.fang.lianjia.com/loupan/pg40/p_dxjxyzbixwu
融创东南海,建设四路香樟路口,23000元/平(均价),https://hz.fang.lianjia.com/loupan/pg44/p_rcysdnheqafsfy
绿城九龙仓桂语江南,博奥路绿城九龙仓桂语江南,价格待定,https://hz.fang.lianjia.com/loupan/pg44/p_lcjlcgyjnafsga
融信江南学府,博学路融信江南学府,价格待定,https://hz.fang.lianjia.com/loupan/pg44/p_rxjnxfafsgd
融信沐澜,康良路融信沐澜,价格待定,https://hz.fang.lianjia.com/loupan/pg44/p_rxmlafsgt
东南钱江蓝湾,水博大道东南钱江蓝湾,价格待定,https://hz.fang.lianjia.com/loupan/pg44/p_dnqjlwafsis
金成英特学府,天目山西路金成英特学府,价格待定,https://hz.fang.lianjia.com/loupan/pg44/p_jcytxfafsiv
融创海越府,平成路融创海越府,价格待定,https://hz.fang.lianjia.com/loupan/pg44/p_rchyfafsrl
聚米喆园,东方路88号,13500元/平(均价),https://hz.fang.lianjia.com/loupan/pg44/p_jmzyafsru
华夏之心,余杭塘路与闲林港西路交叉口,价格待定,https://hz.fang.lianjia.com/loupan/pg44/p_hxzxaftfc
大家金鼎府,金苑路77号,价格待定,https://hz.fang.lianjia.com/loupan/pg44/p_djjdfaftjp
润东府,佳苑路润东府,11500元/平(均价),https://hz.fang.lianjia.com/loupan/pg45/p_rdfaftkq
阳光郡,广业街浙铁阳光郡,价格待定,https://hz.fang.lianjia.com/loupan/pg45/p_ztygjaaozh
金地广场,古墩路与金渡北路交叉口西北角加油站旁,价格待定,https://hz.fang.lianjia.com/loupan/pg45/p_jdoaaozi
嘉里云荷廷,珊瑚沙路嘉里云荷廷,价格待定,https://hz.fang.lianjia.com/loupan/pg45/p_jlyhtaaozr
阳光城普升,红普路中大普升,价格待定,https://hz.fang.lianjia.com/loupan/pg45/p_zdpsaaozw
中国铁建国际花园,城东新城北区地铁1号线九和路站北700米，冯普路和支十二路,价格待定,https://hz.fang.lianjia.com/loupan/pg45/p_zgtjgjhyaapae
滨江东方海岸,湘湖路滨江东方海岸,价格待定,https://hz.fang.lianjia.com/loupan/pg45/p_bjdfhaaapai
中粮天悦大悦城,莫干山路与隐秀路交叉口,价格待定,https://hz.fang.lianjia.com/loupan/pg45/p_zltydycaapaj
郡原相江公寓,下沙路郡原相江公寓,价格待定,https://hz.fang.lianjia.com/loupan/pg45/p_xjgyaapak
金都夏宫,北沙西路156号,价格待定,https://hz.fang.lianjia.com/loupan/pg45/p_jdxgyxaapao
保亿丽景山,文一西路上仓路,价格待定,https://hz.fang.lianjia.com/loupan/pg46/p_byljsaapap
新城峯璟,文二西路新城峯璟,价格待定,https://hz.fang.lianjia.com/loupan/pg46/p_xcfjaapax
杭钢尚堂府,科祥街50号（石祥路拱康路口）,价格待定,https://hz.fang.lianjia.com/loupan/pg46/p_zystaapbc
万科坤和玉泉,杨梅山路（和家园求是小学正南）,价格待定,https://hz.fang.lianjia.com/loupan/pg46/p_wkkhyqaapbl
佳源名城,崇贤镇洋湾路佳缘名城,价格待定,https://hz.fang.lianjia.com/loupan/pg46/p_jymcaapbr
中栋国际,建设一路中栋国际,价格待定,https://hz.fang.lianjia.com/loupan/pg46/p_zdgjaapbw
阳光城翡丽湾,华中路与大农港路口,价格待定,https://hz.fang.lianjia.com/loupan/pg46/p_ygcflwaapcc
坤和和家园,"杨梅山路310号, 和家园北园, 和家园南园",价格待定,https://hz.fang.lianjia.com/loupan/pg46/p_khhjyaapcd
协安蓝郡,金昌路协安蓝郡,价格待定,https://hz.fang.lianjia.com/loupan/pg46/p_xaljaapcg
保利梧桐语,红普路与九州路交汇处西侧保利梧桐语,价格待定,https://hz.fang.lianjia.com/loupan/pg46/p_blwtyaapck
首开武林8栋,石桥路143号,价格待定,https://hz.fang.lianjia.com/loupan/pg47/p_skdssjaapcm
恒基旭辉府,崇杭路恒基旭辉府,价格待定,https://hz.fang.lianjia.com/loupan/pg47/p_hjxhfaapco
坤和和家园,"杨梅山路310号, 和家园北园, 和家园南园",1180万/套(均价),https://hz.fang.lianjia.com/loupan/pg47/p_khhjyaapdc
银杏汇,闻涛路银杏汇,价格待定,https://hz.fang.lianjia.com/loupan/pg47/p_yxhaapdg
融创瑷颐湾,杭行路与祥园北路交汇处（万达广场北面）,价格待定,https://hz.fang.lianjia.com/loupan/pg47/p_rkaywaapdk
赞成杭家,洋湾路与崇文街交叉口（秋石高架石塘路口下，800米左转）,价格待定,https://hz.fang.lianjia.com/loupan/pg47/p_zchjaapdr
赞成首府,望梅路赞成首府,价格待定,https://hz.fang.lianjia.com/loupan/pg47/p_zcsfaapdu
欧美金融城,文一西路和水城北路交汇处,价格待定,https://hz.fang.lianjia.com/loupan/pg47/p_omjrcaapdv
阳光城上府,滨康路阳光城上府,价格待定,https://hz.fang.lianjia.com/loupan/pg47/p_ygcsfaapee
欧美金融城,文一西路和水城北路交汇处,价格待定,https://hz.fang.lianjia.com/loupan/pg47/p_omjrcaapef
武林壹号,湖墅南路66号,价格待定,https://hz.fang.lianjia.com/loupan/pg48/p_wlyhaapeg
中栋国际,建设一路中栋国际,价格待定,https://hz.fang.lianjia.com/loupan/pg48/p_zdgjaapeh
阳光银泰城,东新路822号,价格待定,https://hz.fang.lianjia.com/loupan/pg48/p_zdytcaapen
恒大水晶国际广场,之浦路恒大水晶国际广场,价格待定,https://hz.fang.lianjia.com/loupan/pg48/p_hdsjgjgcaaper
雅居乐国际花园,"天目山西路258号, 天目山西路254-2号",价格待定,https://hz.fang.lianjia.com/loupan/pg48/p_yjlgjhyaapfa
华瑞晴庐,建设二路华瑞晴庐,价格待定,https://hz.fang.lianjia.com/loupan/pg48/p_hrqlaapfd
卓越蔚蓝领秀一期,临丁路与华鹤街交汇处,价格待定,https://hz.fang.lianjia.com/loupan/pg48/p_zywllxaapfm
东方一号,宁东路东方一号,价格待定,https://hz.fang.lianjia.com/loupan/pg48/p_dfyhaapfq
天城府,新风路天城府,价格待定,https://hz.fang.lianjia.com/loupan/pg48/p_tcfaapfz
中国铁建江南国际城,金城路中国铁建江南国际城,价格待定,https://hz.fang.lianjia.com/loupan/pg48/p_zgtjjngjcaapga
城发云锦城,丁桥长睦路北段,价格待定,https://hz.fang.lianjia.com/loupan/pg50/p_cfyjcaaqdk
奥克斯杭州未来中心,仓前，东至创远路、南至中心一路、西至创景路、北至海曙路,价格待定,https://hz.fang.lianjia.com/loupan/pg50/p_akshzwlzxaaqel
新城红郡,临丁路与长睦路交叉口以北,价格待定,https://hz.fang.lianjia.com/loupan/pg50/p_hjqhaaqev
融创瑷骊山,望江山路1号,价格待定,https://hz.fang.lianjia.com/loupan/pg50/p_rkalsaaqfa
万科大家世纪之光,振宁路万科大家世纪之光,价格待定,https://hz.fang.lianjia.com/loupan/pg50/p_wkdjsjzgaaqfb
北辰奥园,蜀山路北辰奥园,价格待定,https://hz.fang.lianjia.com/loupan/pg50/p_bcayaaqff
金地天逸,金城路金地天逸,价格待定,https://hz.fang.lianjia.com/loupan/pg50/p_jdtyaaqfo
金地格林格林,天都路天丰路交叉口,价格待定,https://hz.fang.lianjia.com/loupan/pg50/p_jdglglaaqfs
赞成赞城,博园路与棕榈路交叉口,价格待定,https://hz.fang.lianjia.com/loupan/pg50/p_zczcaaqft
顺发吉祥半岛,登云路120号,价格待定,https://hz.fang.lianjia.com/loupan/pg50/p_sfjxbdaaqgk
金隅观澜时代天筑,24号大街669号,价格待定,https://hz.fang.lianjia.com/loupan/pg49/p_jyglsdaapgn
宋都阳光国际,通盛路阳光国际,价格待定,https://hz.fang.lianjia.com/loupan/pg49/p_sdyggjaapgv
中兴御田清庭,半山田园板块青城路与依山路交界处,价格待定,https://hz.fang.lianjia.com/loupan/pg49/p_zxytqtaapjf
保利中心,新塘路保利中央公馆,价格待定,https://hz.fang.lianjia.com/loupan/pg49/p_blzyggaapqu
东日晴好,狐山路东日晴好,价格待定,https://hz.fang.lianjia.com/loupan/pg49/p_drqhaapsb
东亚新干线,天城路与明月桥路交叉口,价格待定,https://hz.fang.lianjia.com/loupan/pg49/p_dyxgxaapux
黄金时代,三里亭小区顾家畈路春晖社区斜对面,价格待定,https://hz.fang.lianjia.com/loupan/pg49/p_hjsdaapvw
蓝钻天成,莫干山路969号,价格待定,https://hz.fang.lianjia.com/loupan/pg49/p_lztcaapzc
众安白马山庄,留和路众安白马山庄,价格待定,https://hz.fang.lianjia.com/loupan/pg49/p_zabmszaapzg
绿城桃花源,东西大道绿城桃花源,价格待定,https://hz.fang.lianjia.com/loupan/pg49/p_lcthyaapzl
贝利云栖中心,之江象山路320国道交叉口（东南）,价格待定,https://hz.fang.lianjia.com/loupan/pg51/p_hyzjsdzxaaqhp
余之城,新城迎宾路临东路交界处东南角,价格待定,https://hz.fang.lianjia.com/loupan/pg51/p_yzcaaqig
华元西溪欢乐城,五常大道华元西溪欢乐城,价格待定,https://hz.fang.lianjia.com/loupan/pg51/p_hyxxhlcaaqii
得力名望府,金城路得力名望府,价格待定,https://hz.fang.lianjia.com/loupan/pg51/p_dlmwfaaqio
众安理想湾,新洲路众安理想湾,价格待定,https://hz.fang.lianjia.com/loupan/pg51/p_zalxwaaqit
万通时尚公馆,文一西路万通时尚公馆,价格待定,https://hz.fang.lianjia.com/loupan/pg51/p_wtssggaaqix
东晖龙悦湾,余杭临平街道五洲路与小白线交叉路口（超山风景区旁）,价格待定,https://hz.fang.lianjia.com/loupan/pg51/p_dhlywaaqja
富邦星座,南大街和南苑街交叉口西南,价格待定,https://hz.fang.lianjia.com/loupan/pg51/p_fbxzaaqjc
淮矿东元府,备塘路淮矿东元府,价格待定,https://hz.fang.lianjia.com/loupan/pg51/p_hkdyfaaqjd
越秀星汇城,大园路123号,价格待定,https://hz.fang.lianjia.com/loupan/pg51/p_yxxhcaaqjl
新城香悦半岛,晨晖路新城香悦半岛,价格待定,https://hz.fang.lianjia.com/loupan/pg52/p_xcxybdaaqjm
佳兆业西溪璞园,天目山西路璞玉雅园,价格待定,https://hz.fang.lianjia.com/loupan/pg52/p_jzyxxpyaaqjo
万科郡西澜山,余杭东邻风情大道，北侧为郡西别墅，南侧为自然山体,价格待定,https://hz.fang.lianjia.com/loupan/pg52/p_wkjxlsaaqjp
融信学院府,育英路与学院北路,价格待定,https://hz.fang.lianjia.com/loupan/pg52/p_rxxyfaaqod
万科杭宸,杭行路万科杭宸,价格待定,https://hz.fang.lianjia.com/loupan/pg52/p_wkhcaaqul
富力十号院,文二西路富力十号院,价格待定,https://hz.fang.lianjia.com/loupan/pg52/p_flshyfaaqxr
九龙仓珑玺,莫干山路九龙仓珑玺,价格待定,https://hz.fang.lianjia.com/loupan/pg52/p_jlclxaargl
东方君悦,民心路88号,价格待定,https://hz.fang.lianjia.com/loupan/pg52/p_dfjyaargn
新城香悦奥府,建设二路新城香悦奥府,价格待定,https://hz.fang.lianjia.com/loupan/pg52/p_xcxyafaargs
德信君宸,建设二路德信君宸,价格待定,https://hz.fang.lianjia.com/loupan/pg52/p_dxjcaarhd
碧桂园西江月,学院北路碧桂园西江月,价格待定,https://hz.fang.lianjia.com/loupan/pg53/p_bgyxjyaarhj
雍荣华庭,莫干山路与留祥路交叉口招商九龙仓学院北麓,价格待定,https://hz.fang.lianjia.com/loupan/pg53/p_zsjlcxyblaarhm
中企艮山府,运河东路中企艮山府,价格待定,https://hz.fang.lianjia.com/loupan/pg53/p_zqgsfaarim
鑫运时代金座,九福路鑫运时代金座,价格待定,https://hz.fang.lianjia.com/loupan/pg53/p_xysdjzaarjz
融创金成西溪海,上和路西溪海小海,价格待定,https://hz.fang.lianjia.com/loupan/pg53/p_xxhxhaarkm
龙湖武林九里,华丰路龙湖武林九里,价格待定,https://hz.fang.lianjia.com/loupan/pg53/p_lhwljlaarkq
滨江华家池,凯旋路滨江华家池,价格待定,https://hz.fang.lianjia.com/loupan/pg53/p_bjhjcaarkr
天阳文晖,机场路转全福桥路200米,价格待定,https://hz.fang.lianjia.com/loupan/pg53/p_tywhaarkv
万科新都会1958,杭氧街胜景路交叉口万科新都会1958,价格待定,https://hz.fang.lianjia.com/loupan/pg53/p_wkxdhaarkz
广宇万科公园里,沈半路447号,价格待定,https://hz.fang.lianjia.com/loupan/pg53/p_gywkgylaarle
万科北宸之光三期拱宸,良渚街道万科北宸之光三期拱宸,价格待定,https://hz.fang.lianjia.com/loupan/pg55/p_wtsyxxjyaarpk
滨江铂金海岸,之江东路滨江铂金海岸,价格待定,https://hz.fang.lianjia.com/loupan/pg55/p_bjbjhaaarps
首开望宸,广济路首开望宸,价格待定,https://hz.fang.lianjia.com/loupan/pg55/p_skwcaarpt
艺尚里,迎宾路536号,价格待定,https://hz.fang.lianjia.com/loupan/pg55/p_yslaarpz
万科海上明月,建设一路万科海上明月,价格待定,https://hz.fang.lianjia.com/loupan/pg55/p_wkhsmyaarrk
云溪新语,文景路祥生云溪新语,价格待定,https://hz.fang.lianjia.com/loupan/pg55/p_yxxyaarry
潮闻天下,观十五线潮闻天下,价格待定,https://hz.fang.lianjia.com/loupan/pg55/p_cwtxaarsc
信融御金台,民和路信融御金台,价格待定,https://hz.fang.lianjia.com/loupan/pg55/p_xryjtaarsu
绿城九龙仓柳岸晓风,闻涛路绿城九龙仓柳岸晓风,价格待定,https://hz.fang.lianjia.com/loupan/pg55/p_lcjlclaxfaarsz
嘉和银领时代,星桥镇藕花洲大街嘉和银领时代,价格待定,https://hz.fang.lianjia.com/loupan/pg55/p_jhylsdaaruc
雍和府,园区路招商雍和府,价格待定,https://hz.fang.lianjia.com/loupan/pg54/p_zsyhfaarlg
大家绿城金麟府,湖州东路大家绿城金鳞府,价格待定,https://hz.fang.lianjia.com/loupan/pg54/p_djlcjlfaarln
滨江德信东方星城,"环站北路滨江德信东方星城, 环站东路1012号, 环站东路998号",价格待定,https://hz.fang.lianjia.com/loupan/pg54/p_bjdxdfxcaarlo
万科中央公园,鸿泰路万科中央公园,价格待定,https://hz.fang.lianjia.com/loupan/pg54/p_wkzygyaarls
富力新线公园,海曙路富力新线公园,价格待定,https://hz.fang.lianjia.com/loupan/pg54/p_flxxgyaarmr
金地西溪风华,常二路金地西溪风华,价格待定,https://hz.fang.lianjia.com/loupan/pg54/p_jdxxfhaarmv
北大资源未名府,荆常大道北大资源未名府,价格待定,https://hz.fang.lianjia.com/loupan/pg54/p_bdzywmfaarmx
华元花涧堂,临平望梅路和汀城路交叉口,价格待定,https://hz.fang.lianjia.com/loupan/pg54/p_hyhjtaarnn
天阳武林邸,永固路天阳武林邸,价格待定,https://hz.fang.lianjia.com/loupan/pg54/p_tywldaarno
金地大运河府,通益路金地大运河府,价格待定,https://hz.fang.lianjia.com/loupan/pg54/p_jddyhfaarnx
荀庄,良渚街道荀山村,价格待定,https://hz.fang.lianjia.com/loupan/pg56/p_xzaarzx
野风启城,康信路野风启城,价格待定,https://hz.fang.lianjia.com/loupan/pg56/p_yfqcaasac
溪悦宸府,五常大道与高教路交汇处,价格待定,https://hz.fang.lianjia.com/loupan/pg56/p_xycfaasad
科尔世纪外滩,水博大道科尔世纪外滩,价格待定,https://hz.fang.lianjia.com/loupan/pg56/p_kesjwtaasaf
科尔世纪外滩,水博大道科尔世纪外滩,40000元/平(均价),https://hz.fang.lianjia.com/loupan/pg56/p_kesjwtaasag
赞成檀府,星光街赞成檀府,价格待定,https://hz.fang.lianjia.com/loupan/pg56/p_zctfaasak
赞成檀府,星光街赞成檀府,价格待定,https://hz.fang.lianjia.com/loupan/pg56/p_zctfaasal
兴耀星悦湾,向阳路兴耀星悦湾,价格待定,https://hz.fang.lianjia.com/loupan/pg56/p_xyxywaasbo
华元欢乐城,临平新城迎宾路望梅路口西北角,价格待定,https://hz.fang.lianjia.com/loupan/pg56/p_hyhlcaasnh
广厦天都城天熙公馆,余杭 临丁路与欢乐大道交叉口,价格待定,https://hz.fang.lianjia.com/loupan/pg56/p_gstdctxggaasnt
泰地北上新城,华中路泰地北上新城,价格待定,https://hz.fang.lianjia.com/loupan/pg57/p_tdbsxcaaswf
杭州明石商业大厦,明石路杭州明石商业大厦,价格待定,https://hz.fang.lianjia.com/loupan/pg57/p_hzmssydsaasxl
杭州港龙城,明月桥路杭州港龙城,价格待定,https://hz.fang.lianjia.com/loupan/pg57/p_hzglcaasxo
绿城桃源小镇,闲林西路西溪山庄,价格待定,https://hz.fang.lianjia.com/loupan/pg57/p_lctyxzaasyb
万科郡西,余杭区万科良渚文化内,价格待定,https://hz.fang.lianjia.com/loupan/pg57/p_wkjxbsaasyn
绿城运河郡,小河路昼锦街路口,价格待定,https://hz.fang.lianjia.com/loupan/pg57/p_hzxmkaasyo
潮闻天下,观十五线潮闻天下,价格待定,https://hz.fang.lianjia.com/loupan/pg57/p_cwtxaatwb
江滨澜廷,闻涛路江滨澜廷,价格待定,https://hz.fang.lianjia.com/loupan/pg57/p_jbltaatye
地铁东城广场,九沙大道399号地铁东城广场,价格待定,https://hz.fang.lianjia.com/loupan/pg57/p_dtdcgcaauaq
之江九里,之江国家旅游度假区之江路与碧波路交叉口,价格待定,https://hz.fang.lianjia.com/loupan/pg57/p_hrxhjzjjlaauqg
滨江东方海岸,湘湖路滨江东方海岸,价格待定,https://hz.fang.lianjia.com/loupan/pg58/p_bjdfhaaauri
朝阳银座,市心南路朝阳银座,价格待定,https://hz.fang.lianjia.com/loupan/pg58/p_zazyyzaavbt
佳兆业西溪璞园,天目山西路璞玉雅园,价格待定,https://hz.fang.lianjia.com/loupan/pg58/p_jzyxxpyaavca
万科溪望,文二西路与环岛路交叉口向北200米,价格待定,https://hz.fang.lianjia.com/loupan/pg58/p_wkxwaavch
向江来时代中心,严家弄路向江来时代中心,价格待定,https://hz.fang.lianjia.com/loupan/pg58/p_xjlsdzxaavcm
西溪君庐,文二西路与荆常大道交叉口向南1000米,价格待定,https://hz.fang.lianjia.com/loupan/pg58/p_xxjlaavdf
旭辉时代城,崇杭街旭辉时代城,价格待定,https://hz.fang.lianjia.com/loupan/pg58/p_xhsdcaavnx
杭钢紫元旭润和府,崇贤街道杭钢紫元旭润和府,价格待定,https://hz.fang.lianjia.com/loupan/pg58/p_hgzyxrhfaavnz
宋都时间国际,德胜路与同协南路交汇处,价格待定,https://hz.fang.lianjia.com/loupan/pg58/p_sdsjgjaavqq
恒祺克拉天玺,天城路恒祺克拉天玺,价格待定,https://hz.fang.lianjia.com/loupan/pg58/p_hqkltxaavyl
奥克斯缔逸城,古墩路奥克斯缔壹城,价格待定,https://hz.fang.lianjia.com/loupan/pg59/p_aksdycaavyr
融信澜天,良渚街道融信澜天,价格待定,https://hz.fang.lianjia.com/loupan/pg59/p_rxltaavzk
融信澜天,良渚街道融信澜天,价格待定,https://hz.fang.lianjia.com/loupan/pg59/p_rxltaavzv
金地西溪风华,常二路金地西溪风华,价格待定,https://hz.fang.lianjia.com/loupan/pg59/p_jdxxfhaawjl
宋都东郡之星,银海街宋都东郡之星,价格待定,https://hz.fang.lianjia.com/loupan/pg59/p_sddjzxaawkh
中国铁建保利像素,银海街与千帆路交叉口 中国铁建保利像素,价格待定,https://hz.fang.lianjia.com/loupan/pg59/p_zgtjblxsaawks
万科溪望,文二西路与环岛路交叉口向北200米,价格待定,https://hz.fang.lianjia.com/loupan/pg59/p_wkxwaawlh
新城红郡,临丁路与长睦路交叉口以北,价格待定,https://hz.fang.lianjia.com/loupan/pg59/p_hjqhaaxcg
华鼎君临天峯,南大街华鼎君临天峯,价格待定,https://hz.fang.lianjia.com/loupan/pg59/p_hdjltfaaxdp
创客空间大厦,创景路创客空间大厦,价格待定,https://hz.fang.lianjia.com/loupan/pg59/p_ckkjdsaaxdu
梦溪东明山居,良渚街道梦溪东明山居,价格待定,https://hz.fang.lianjia.com/loupan/pg60/p_mxdmsjaaxdy
华瑞湘湖美地,萧西路603号,价格待定,https://hz.fang.lianjia.com/loupan/pg60/p_hrxhmdyxaaxef
恒和依山郡,207省道依山郡山庄,价格待定,https://hz.fang.lianjia.com/loupan/pg60/p_hhysjaaxeh
恒厚阳光城,中泰乡杭泰路103号,价格待定,https://hz.fang.lianjia.com/loupan/pg60/p_hhygcaaxfw
钱塘梧桐蓝山,世纪大道891号钱塘梧桐蓝山,价格待定,https://hz.fang.lianjia.com/loupan/pg60/p_qtwtlsyxaaxgq
明华名港城二期,东灵南路2-60号,价格待定,https://hz.fang.lianjia.com/loupan/pg60/p_mhmgceqaaxgy
财和湘域湾,潘水路与蜀山路交界口,价格待定,https://hz.fang.lianjia.com/loupan/pg60/p_chxywaaxhn
湖山帝景湾,南湖东路湖山帝景湾,价格待定,https://hz.fang.lianjia.com/loupan/pg60/p_hsdjwaaxhp
CBC时代大观,玩月街CBC时代大观,价格待定,https://hz.fang.lianjia.com/loupan/pg60/p_csddgaaxhw
绿都南江壹号,高桥路绿都南江壹号,价格待定,https://hz.fang.lianjia.com/loupan/pg60/p_ldnjyhaaxhy
天鸿香榭里,通益路天鸿香榭里,价格待定,https://hz.fang.lianjia.com/loupan/pg61/p_thxxlaaxik
广宇鼎悦府,南大街广宇鼎悦府,价格待定,https://hz.fang.lianjia.com/loupan/pg61/p_gydyfaaxiq
开元广场,市心南路开元广场,价格待定,https://hz.fang.lianjia.com/loupan/pg61/p_kygcaaxiw
顺发堤香,金鸡路顺发堤香,价格待定,https://hz.fang.lianjia.com/loupan/pg61/p_sfdxaaxjb
世茂中心,闻涛路和信诚路交叉口世茂中心,价格待定,https://hz.fang.lianjia.com/loupan/pg61/p_smzxaaxkn
富亿NEO中心,全福桥路298号,价格待定,https://hz.fang.lianjia.com/loupan/pg61/p_fynzxaaxky
远洋杭州大运河商务区,大浒街101-129号,价格待定,https://hz.fang.lianjia.com/loupan/pg61/p_yyhzdyhswqaaxle
梦溪东明山居,良渚街道梦溪东明山居,价格待定,https://hz.fang.lianjia.com/loupan/pg61/p_mxdmsjaaxln
富春玫瑰园,东洲街道江滨东大道515号,价格待定,https://hz.fang.lianjia.com/loupan/pg61/p_lcfcmgyaaxlo
理想银泰城,世纪大道理想银泰城,价格待定,https://hz.fang.lianjia.com/loupan/pg61/p_undefinedaaxlq
宝龙城市广场,2号大街与25号大街交叉口（浙江工商大学对面）,价格待定,https://hz.fang.lianjia.com/loupan/pg62/p_blcsgcaaxmc
宋都时间国际,德胜路与同协南路交汇处,价格待定,https://hz.fang.lianjia.com/loupan/pg62/p_sdsjgjaaxog
富力西溪悦墅,文二西路富力西溪悦墅,价格待定,https://hz.fang.lianjia.com/loupan/pg62/p_flxxysaaxou
合景映月台,溪望路合景映月台,价格待定,https://hz.fang.lianjia.com/loupan/pg62/p_hjyytaaxuv
绿地旭辉城,七甲路绿地旭辉城,价格待定,https://hz.fang.lianjia.com/loupan/pg62/p_ldxhcaaxwg
龙湖水晶郦城,庄墩路龙湖水晶郦城,价格待定,https://hz.fang.lianjia.com/loupan/pg62/p_lhsjlcaaxwh
西溪智慧健康谷,向往街990号西溪智慧健康谷,价格待定,https://hz.fang.lianjia.com/loupan/pg62/p_xxzhjkgaayig
世茂之西湖,西环路世茂之西湖,价格待定,https://hz.fang.lianjia.com/loupan/pg62/p_smzxhaayja
港汇中心,市心北路853号,价格待定,https://hz.fang.lianjia.com/loupan/pg62/p_ghzxaaylj
春江香樟苑,大桥南路188号春江香樟苑,价格待定,https://hz.fang.lianjia.com/loupan/pg62/p_cjxzyaayvd
融创玖樟台,机场路融创玖樟台,价格待定,https://hz.fang.lianjia.com/loupan/pg63/p_rcjztaayvv
佳源未来府,安乐路佳源未来府,价格待定,https://hz.fang.lianjia.com/loupan/pg63/p_jywlfaaywm
中骏钱塘御景,耕文路中骏钱塘御景,价格待定,https://hz.fang.lianjia.com/loupan/pg63/p_zjqtyjaaywu
浙港国际,紫荆花路浙港国际,价格待定,https://hz.fang.lianjia.com/loupan/pg63/p_zggjaayyb
滨江旭辉万家之星,锦江路滨江旭辉万家之星,价格待定,https://hz.fang.lianjia.com/loupan/pg63/p_bjxhwjzxaayyz
尚城墅,六合路365号,价格待定,https://hz.fang.lianjia.com/loupan/pg63/p_scsaayzz
万科未来城三期梦溪里,疏港路万科未来城三期梦溪里,价格待定,https://hz.fang.lianjia.com/loupan/pg63/p_wkwlcsqmxlaazba
富力天贸广场,文一西路富力天贸广场,价格待定,https://hz.fang.lianjia.com/loupan/pg63/p_fltmgcaazcu
通和十二橡树,星都大道与星灿路交叉口东南面,价格待定,https://hz.fang.lianjia.com/loupan/pg63/p_thsexsaazef
青山湖玫瑰园,杭 州市,价格待定,https://hz.fang.lianjia.com/loupan/pg63/p_qshmgyaazeo
滨江江南之星,博奥路滨江江南之星,价格待定,https://hz.fang.lianjia.com/loupan/pg64/p_bjjnzxaazev
郡乐苑,友谊路169号,价格待定,https://hz.fang.lianjia.com/loupan/pg64/p_jlyaazfa
东厦东港花苑,北沙西路东港花苑,价格待定,https://hz.fang.lianjia.com/loupan/pg64/p_dsdghyaazfr
万通中心,上塘路杭州万通中心,价格待定,https://hz.fang.lianjia.com/loupan/pg64/p_hzwtzxaazgc
翡翠城,"高教路翡翠城, 闲林街道翡翠城",价格待定,https://hz.fang.lianjia.com/loupan/pg64/p_fccyxaazgd
星运丽园兰逸,星桥南路131-13号,价格待定,https://hz.fang.lianjia.com/loupan/pg64/p_xylylyaazgs
湘湖壹号,湘湖路湘湖壹号,价格待定,https://hz.fang.lianjia.com/loupan/pg64/p_xhyhaazgx
万科良渚文化村堂前,风情大道堂前,价格待定,https://hz.fang.lianjia.com/loupan/pg64/p_wklzwhctqaazhg
大千古街,环叶线大千古街,价格待定,https://hz.fang.lianjia.com/loupan/pg64/p_dqgjaazhr
中天珺府,科技大道2988号,价格待定,https://hz.fang.lianjia.com/loupan/pg64/p_ztjfaazib
宋都东郡国际,秀水街宋都东郡国际,价格待定,https://hz.fang.lianjia.com/loupan/pg65/p_sddjgjaazik
观澜时代云邸苑,24号大街669号,价格待定,https://hz.fang.lianjia.com/loupan/pg65/p_glsdydyaazjr
绿城曼陀花园,锦城街道泥山湾村,价格待定,https://hz.fang.lianjia.com/loupan/pg65/p_lcmthyaazkc
龙湖春江天玺,博奥路龙湖春江天玺,价格待定,https://hz.fang.lianjia.com/loupan/pg65/p_lhcjtxaazkj
新城香悦半岛,晨晖路新城香悦半岛,价格待定,https://hz.fang.lianjia.com/loupan/pg65/p_xcxybdaaznv
竹径云山,古墩路与东西大道交叉口西行3公里,价格待定,https://hz.fang.lianjia.com/loupan/pg65/p_zjysaazny
盈都君悦,海宁高新区创智路西侧、栋梁路南,价格待定,https://hz.fang.lianjia.com/loupan/pg65/p_ydjyabafv
梅和名府,萧然东路梅和名府,价格待定,https://hz.fang.lianjia.com/loupan/pg65/p_mhmfabaim
盈都江悦城,农发区春潮路东侧、春石路北侧,价格待定,https://hz.fang.lianjia.com/loupan/pg65/p_ydjycabajt
万都晶座,南秀路万都晶座,价格待定,https://hz.fang.lianjia.com/loupan/pg65/p_wdjzaball
北湖绿洲花园,瓶窑镇瓶仓大道东侧、羊城大道北,价格待定,https://hz.fang.lianjia.com/loupan/pg66/p_bhlzhyabapb
长龙领航城,博奥路（原青年路）长龙领航,价格待定,https://hz.fang.lianjia.com/loupan/pg66/p_cllhabaqp
卓越蔚蓝领秀二期,星桥街道临丁路,价格待定,https://hz.fang.lianjia.com/loupan/pg66/p_zywllxeqabasj
通和十二橡树,星都大道与星灿路交叉口东南面,价格待定,https://hz.fang.lianjia.com/loupan/pg66/p_thsexsabawl
新城香悦公馆,金城路新城香悦公馆,价格待定,https://hz.fang.lianjia.com/loupan/pg66/p_xcxyggabaxp
六合浅山,芙蓉路六合浅山,价格待定,https://hz.fang.lianjia.com/loupan/pg66/p_lhqsabays
融创河滨之城,余杭塘路融创河滨之城,价格待定,https://hz.fang.lianjia.com/loupan/pg66/p_rchbzcabbix
润和橙家,文海北路379号,价格待定,https://hz.fang.lianjia.com/loupan/pg66/p_rhcjabbkb
瑞金华丽嘉苑,藕花洲大街和星都大道交汇处,价格待定,https://hz.fang.lianjia.com/loupan/pg66/p_rjhljyyxabbkf
和昌府,良渚街道疏港路和昌府,价格待定,https://hz.fang.lianjia.com/loupan/pg66/p_hcfabbrb
祥生群贤府,崇贤街道崇杭街祥生群贤府,价格待定,https://hz.fang.lianjia.com/loupan/pg67/p_xsqxfabbtk
祥生群贤府,崇贤街道崇杭街祥生群贤府,价格待定,https://hz.fang.lianjia.com/loupan/pg67/p_xsqxfabbtm
融创时代奥城,书音路融创时代奥城,价格待定,https://hz.fang.lianjia.com/loupan/pg67/p_rcsdacabbvn
雷威沁园,锦北街道临水路雷威沁园,16396元/平(均价),https://hz.fang.lianjia.com/loupan/pg67/p_lwqyabcdd
朗诗熙华府,胜景路与规划5号路交叉口朗诗熙华府,价格待定,https://hz.fang.lianjia.com/loupan/pg67/p_lsxhfabcdj
阳光城翡丽海岸,江滨东大道（富春江边）,18700元/平(均价),https://hz.fang.lianjia.com/loupan/pg67/p_zdxjbdabcdo
融创涌清府,运河东路融创涌清府,价格待定,https://hz.fang.lianjia.com/loupan/pg67/p_rcyqfabcds
祥生钱塘新语,海宁下沙大学城北启潮路72号,价格待定,https://hz.fang.lianjia.com/loupan/pg67/p_xsqtxyabcdz
望湖山庄,新安东路321号,价格待定,https://hz.fang.lianjia.com/loupan/pg67/p_whszabcia
玉兰花园,环湖北路565号,价格待定,https://hz.fang.lianjia.com/loupan/pg67/p_ylhyabcja
天阳文晖,机场路转全福桥路200米,价格待定,https://hz.fang.lianjia.com/loupan/pg68/p_tywhabcjm
浙商国际中心,机场路浙商国际中心,价格待定,https://hz.fang.lianjia.com/loupan/pg68/p_zsgjzxabckf
阳光银泰城,东新路822号,价格待定,https://hz.fang.lianjia.com/loupan/pg68/p_zdytcabcko
九龙湾,阳光路九龙湾,价格待定,https://hz.fang.lianjia.com/loupan/pg68/p_jlwabcld
宋都晨光国际,16号大街宋都晨光国际,价格待定,https://hz.fang.lianjia.com/loupan/pg68/p_sdcggjabcll
太平洋银座,东宁路东港嘉苑对面,价格待定,https://hz.fang.lianjia.com/loupan/pg68/p_tpyyzabcln
义桥星天地,义桥镇油虎线和三汇路交叉口,价格待定,https://hz.fang.lianjia.com/loupan/pg68/p_yqxtdabcls
金沙世纪大厦,金沙世纪大道900号,价格待定,https://hz.fang.lianjia.com/loupan/pg68/p_jssjdsabclt
崇贤上亿广场,崇贤街道崇杭街上亿广场,价格待定,https://hz.fang.lianjia.com/loupan/pg68/p_cxsygcabclv
山水国际,鹿山街道江城路398号,价格待定,https://hz.fang.lianjia.com/loupan/pg68/p_ssgjabcly
华润万象汇,市心路华润万象汇,350万/套(均价),https://hz.fang.lianjia.com/loupan/pg69/p_hrwxhabcmb
银泰海威国际,闻涛路银泰海威国际,价格待定,https://hz.fang.lianjia.com/loupan/pg69/p_ythwgjabcmk
诺德财富中心,市心北路诺德财富中心,价格待定,https://hz.fang.lianjia.com/loupan/pg69/p_ndcfzxabcmr
赞成中心,飞云江路赞成中心小区,价格待定,https://hz.fang.lianjia.com/loupan/pg69/p_zczxabcms
元成时代中心,下沙下沙元成路与金乔街交汇处,价格待定,https://hz.fang.lianjia.com/loupan/pg69/p_ycsdzxabcob
浙港国际,紫荆花路浙港国际,价格待定,https://hz.fang.lianjia.com/loupan/pg69/p_zggjabcop
原禾大厦,良渚街道原禾大厦,价格待定,https://hz.fang.lianjia.com/loupan/pg69/p_yhdsabcor
杭州万达广场,石祥路和杭行路交汇处东北方向,价格待定,https://hz.fang.lianjia.com/loupan/pg69/p_hzwdgcabcpa
宋都丽郡国际,义蓬中路宋都丽郡国际,价格待定,https://hz.fang.lianjia.com/loupan/pg69/p_sdljgjabcpb
绿地中央广场,大关路与丽水路交叉口,价格待定,https://hz.fang.lianjia.com/loupan/pg69/p_ldzygcabcpe
铁建万科江湾城,时代大道江湾城,价格待定,https://hz.fang.lianjia.com/loupan/pg70/p_jwcabcpf
新天地G193广场,长浜路（原东新东路）与安桥路交叉口,价格待定,https://hz.fang.lianjia.com/loupan/pg70/p_xtdgcabcqh
钱江浙商创投中心,西溪路527号,价格待定,https://hz.fang.lianjia.com/loupan/pg70/p_qjzsctzxabcqn
金街美地,杭新路金街美地,价格待定,https://hz.fang.lianjia.com/loupan/pg70/p_jjmdabcqy
沈半路灯具市场,沈半路鹏龙商务大厦,价格待定,https://hz.fang.lianjia.com/loupan/pg70/p_sbldjscabcrr
天鸿美和院,银湖开发区320国道与九龙大道（东口）交汇处天鸿美和院,价格待定,https://hz.fang.lianjia.com/loupan/pg70/p_thmhyabcyk
武林外滩,文晖路338号,价格待定,https://hz.fang.lianjia.com/loupan/pg70/p_wlwtabdde
越秀星汇尚城,东吴路越秀星汇尚城,315万/套(均价),https://hz.fang.lianjia.com/loupan/pg70/p_yxxhscabdes
金地艺境,南苑街道金地艺境,价格待定,https://hz.fang.lianjia.com/loupan/pg70/p_jdyjabdet
英冠乐创城,长龙路英冠乐创城,价格待定,https://hz.fang.lianjia.com/loupan/pg70/p_yglccabdey
中豪国际,环站东路中豪国际,价格待定,https://hz.fang.lianjia.com/loupan/pg71/p_zhgjabdez
梧桐燕庐,之江狐山路左拐(走科海路到狐山路),价格待定,https://hz.fang.lianjia.com/loupan/pg71/p_wtylabdga
蓝钻天成,莫干山路969号,价格待定,https://hz.fang.lianjia.com/loupan/pg71/p_lztcabdnz
江南国际丝绸城,汀洲路江南国际丝绸城,价格待定,https://hz.fang.lianjia.com/loupan/pg71/p_jngjsccabdpo
旭辉滨江东方悦府,湘西路旭辉滨江东方悦府,价格待定,https://hz.fang.lianjia.com/loupan/pg71/p_xhbjdfyfabdsd
越秀维多利中心,之江东路与御道路交汇处,价格待定,https://hz.fang.lianjia.com/loupan/pg71/p_yxwdlzxabdsv
星运丽园兰逸,星桥南路131-13号,价格待定,https://hz.fang.lianjia.com/loupan/pg71/p_xylylyabdsy
新城龙湖湾上风华,天山路新城湾上风华,价格待定,https://hz.fang.lianjia.com/loupan/pg71/p_xcwsfhabduy
合景映月台,溪望路合景映月台,价格待定,https://hz.fang.lianjia.com/loupan/pg71/p_hjyytabdzk
旺君国际,古墩路和庄墩路交叉口,价格待定,https://hz.fang.lianjia.com/loupan/pg71/p_wjgjabeby
融信学院府,育英路与学院北路,价格待定,https://hz.fang.lianjia.com/loupan/pg72/p_rxxyfabejw
金色黎明三期,同协路金色黎明三期,价格待定,https://hz.fang.lianjia.com/loupan/pg72/p_jslmsqabelj
融信永兴首府,金城路1578号,价格待定,https://hz.fang.lianjia.com/loupan/pg72/p_rxyxsfabemh
中豪七格,下沙南路中豪七格,价格待定,https://hz.fang.lianjia.com/loupan/pg72/p_zhqgabemm
融信永兴首府,金城路1578号,价格待定,https://hz.fang.lianjia.com/loupan/pg72/p_rxyxsfabeng
东方铭楼,下沙街道金沙大道281号,价格待定,https://hz.fang.lianjia.com/loupan/pg72/p_dfmlabeox
华元欢乐城,临平新城迎宾路望梅路口西北角,价格待定,https://hz.fang.lianjia.com/loupan/pg72/p_hyhlcabeph
万科公望,东洲街道万科公望,价格待定,https://hz.fang.lianjia.com/loupan/pg72/p_gwlsaberc
佳源优优锦城,锦城街道西墅街407号,价格待定,https://hz.fang.lianjia.com/loupan/pg72/p_jyyyjcaberx
北大资源未名府,荆常大道北大资源未名府,价格待定,https://hz.fang.lianjia.com/loupan/pg72/p_bdzywmfabesx
富春硅谷,九龙大道398号,价格待定,https://hz.fang.lianjia.com/loupan/pg74/p_fcgglyabfkx
合诚之江商务中心,之江转塘象山路与鸡山路交叉口西南角,价格待定,https://hz.fang.lianjia.com/loupan/pg74/p_hczjswzxabfqh
绿城西溪世纪广场,余杭塘路花蒋路口,价格待定,https://hz.fang.lianjia.com/loupan/pg74/p_lcxxsjgcabfrc
临平西子国际,南苑街道西子国际金座,价格待定,https://hz.fang.lianjia.com/loupan/pg74/p_lpxzgjabfry
佳源银座,莫干山路949号,价格待定,https://hz.fang.lianjia.com/loupan/pg74/p_jyyzabfrz
绿谷杭州东部创新中心,德胜快速路与红普路交叉口,价格待定,https://hz.fang.lianjia.com/loupan/pg74/p_lghzdbcxzxabfsi
交投绿城明珠国际,五星路198号,价格待定,https://hz.fang.lianjia.com/loupan/pg74/p_jtlcmzgjabfuy
德信东望,明月桥路德信东望,价格待定,https://hz.fang.lianjia.com/loupan/pg74/p_dxdwabggt
中国崇福国际皮草中心,青阳路中国崇福国际皮草中心,价格待定,https://hz.fang.lianjia.com/loupan/pg74/p_mcgcabggu
赞成首府,望梅路赞成首府,价格待定,https://hz.fang.lianjia.com/loupan/pg74/p_zcsfabglf
景瑞天赋,博奥路与扬帆路交汇处,价格待定,https://hz.fang.lianjia.com/loupan/pg73/p_jrtfabexy
滨江新城东方名府,建设二路滨江新城东方名府,价格待定,https://hz.fang.lianjia.com/loupan/pg73/p_bjxcdfmfabexz
中赢金城里,金城路中赢金城里,价格待定,https://hz.fang.lianjia.com/loupan/pg73/p_zyjclabeza
昆仑天籁,丁群街178号,价格待定,https://hz.fang.lianjia.com/loupan/pg73/p_kltlabezb
港汇广场,崇德西路310号,价格待定,https://hz.fang.lianjia.com/loupan/pg73/p_ghgcabezq
中赢金城里,金城路中赢金城里,价格待定,https://hz.fang.lianjia.com/loupan/pg73/p_zyjclabezv
融创金成未来海,绿汀路融创金成未来海,价格待定,https://hz.fang.lianjia.com/loupan/pg73/p_rcjcwlhabfhi
钱江之江新天地,科海路云栖小镇,价格待定,https://hz.fang.lianjia.com/loupan/pg73/p_qjzjxtdabfhq
金岸提香,天目山西路中泰路口,价格待定,https://hz.fang.lianjia.com/loupan/pg73/p_jatxyxabfhr
四维金座,崇贤街道四维金座,价格待定,https://hz.fang.lianjia.com/loupan/pg73/p_swjzabfkr
通球香樟雅苑,望云路165号,价格待定,https://hz.fang.lianjia.com/loupan/pg75/p_tqxzyyabglr
融信蓝孔雀,石祥路与莫干山路交叉口,价格待定,https://hz.fang.lianjia.com/loupan/pg75/p_rxlkqabgqz
融信江南学府,博学路融信江南学府,价格待定,https://hz.fang.lianjia.com/loupan/pg75/p_rxjnxfabgzz
保利融信大国璟,建设一路保利融信大国璟,价格待定,https://hz.fang.lianjia.com/loupan/pg75/p_blrxdgjabham
万科未来城三期梦溪里,疏港路万科未来城三期梦溪里,价格待定,https://hz.fang.lianjia.com/loupan/pg75/p_wkwlcsqmxlabhbj
碧桂园天麓府,蜀山路碧桂园天麓府,价格待定,https://hz.fang.lianjia.com/loupan/pg75/p_bgytlfabhbq
富春新天地,迎宾北路富春新天地,价格待定,https://hz.fang.lianjia.com/loupan/pg75/p_fcxtdabhga
华城书香美地,诸暨东山路391号,价格待定,https://hz.fang.lianjia.com/loupan/pg75/p_hcsxmdabiaj
诸暨风情不夜城,高湖路88号,价格待定,https://hz.fang.lianjia.com/loupan/pg75/p_zjfqbycabial
卡森卫星城,海云路1号,价格待定,https://hz.fang.lianjia.com/loupan/pg75/p_kswxcabibk
雍和府,园区路招商雍和府,价格待定,https://hz.fang.lianjia.com/loupan/pg76/p_yhfabibr
新城香悦公馆,金城路新城香悦公馆,价格待定,https://hz.fang.lianjia.com/loupan/pg76/p_xcxyggabidn
祥生云浦新语,科海路祥生云浦新语,价格待定,https://hz.fang.lianjia.com/loupan/pg76/p_xsypxyabind
向江来时代中心,严家弄路向江来时代中心,价格待定,https://hz.fang.lianjia.com/loupan/pg76/p_xjlsdzxabipv
龙湖天钜,育才北路龙湖天钜,价格待定,https://hz.fang.lianjia.com/loupan/pg76/p_lhtjabitw
万科劝学里,余杭良渚东西大道北、风情大道西,价格待定,https://hz.fang.lianjia.com/loupan/pg76/p_wkqxlabiuc
万佳居,禹航路1068号,价格待定,https://hz.fang.lianjia.com/loupan/pg76/p_wjjzxabiyz
赞成杭家,洋湾路与崇文街交叉口（秋石高架石塘路口下，800米左转）,价格待定,https://hz.fang.lianjia.com/loupan/pg76/p_zchjabjbe
西溪十九府,小和山支路86号,价格待定,https://hz.fang.lianjia.com/loupan/pg76/p_xxsjfabjes
首开武林8栋,石桥路143号,价格待定,https://hz.fang.lianjia.com/loupan/pg76/p_skwlabjjr
杭州湾商业中心,启潮路8号,价格待定,https://hz.fang.lianjia.com/loupan/pg77/p_hzwsyzxabjke
公园道一号,江南大道与九虎路交汇处,价格待定,https://hz.fang.lianjia.com/loupan/pg77/p_gydyhabjqa
和昌钱塘外滩,仰山路和昌钱塘外滩,12000元/平(均价),https://hz.fang.lianjia.com/loupan/pg77/p_hcqtwtabjrb
宝嘉誉府,石祥西路788号,40000元/平(均价),https://hz.fang.lianjia.com/loupan/pg77/p_bjyfabjrf
绍兴滨海新城步行街,延德路,价格待定,https://hz.fang.lianjia.com/loupan/pg77/p_sxbhxcbxjabjrm
远洋招商上塘宸章,储鑫路和科祥路交叉口,价格待定,https://hz.fang.lianjia.com/loupan/pg77/p_stczgyabjsl
禹洲滨之江,枫桦东路禹洲滨之江,价格待定,https://hz.fang.lianjia.com/loupan/pg77/p_yzbzjabjsm
旭辉珺悦府,萧然西路旭辉珺悦府,价格待定,https://hz.fang.lianjia.com/loupan/pg77/p_xhjyfabjsu
华瑞晴庐,建设二路华瑞晴庐,价格待定,https://hz.fang.lianjia.com/loupan/pg77/p_hrqlabjwi
诸暨联想科技城,商城路与欢乐世界路交叉口,价格待定,https://hz.fang.lianjia.com/loupan/pg77/p_lxkjcabjzn
佳源优优湘洲,金鸡路和永兴路交叉口,价格待定,https://hz.fang.lianjia.com/loupan/pg78/p_jyyyxzabkbq
采荷嘉业大厦,新塘路采荷嘉业大厦,价格待定,https://hz.fang.lianjia.com/loupan/pg78/p_chjydxabklt
景瑞阳光城法兰公园,临平天荷路与荷花路交界处,18960元/平(均价),https://hz.fang.lianjia.com/loupan/pg78/p_jrygcflgyabklw
碧桂园越溪府,东藩路碧桂园越溪府,15338元/平(均价),https://hz.fang.lianjia.com/loupan/pg78/p_bgyyxfablco
万科劝学里,余杭良渚东西大道北、风情大道西,价格待定,https://hz.fang.lianjia.com/loupan/pg78/p_wkqxlableh
高桥阳光城,高铁线与乌镇大道交汇处,价格待定,https://hz.fang.lianjia.com/loupan/pg78/p_gqygcablgt
正黄金域世家,硖仲路499号,价格待定,https://hz.fang.lianjia.com/loupan/pg78/p_zhjysjablmk
越秀亲爱里,江干西临六号港，东至九环路，北起九源路,价格待定,https://hz.fang.lianjia.com/loupan/pg78/p_yxqalabltr
中南樾府,绿汀路中南樾府,价格待定,https://hz.fang.lianjia.com/loupan/pg78/p_znyfabmhm
正元香槟花园,通江中路与鸿雁路交叉口,价格待定,https://hz.fang.lianjia.com/loupan/pg78/p_zyxbhyabmle
利时公寓,中央大道与经一路交叉口，欧尚北侧,价格待定,https://hz.fang.lianjia.com/loupan/pg79/p_lsgyabmpp
合景天銮,莫干山路989号,价格待定,https://hz.fang.lianjia.com/loupan/pg79/p_hjtlabmsx
江南时代购物中心,凤新路江南时代购物中心,120万/套(均价),https://hz.fang.lianjia.com/loupan/pg79/p_jnsdgwzxabmuf
泰禾野风大城小院,九龙大道180号,价格待定,https://hz.fang.lianjia.com/loupan/pg79/p_yfsabmug
星云,浮山路与科海路交汇处,价格待定,https://hz.fang.lianjia.com/loupan/pg79/p_xygyabmvg
阳光银泰城,东新路822号,价格待定,https://hz.fang.lianjia.com/loupan/pg79/p_ygytcabmvi
临平芳满庭,人民大道与香雪路交叉口,价格待定,https://hz.fang.lianjia.com/loupan/pg79/p_hyfmtabnbf
融创玖樟台,机场路融创玖樟台,价格待定,https://hz.fang.lianjia.com/loupan/pg79/p_rcjztabnbg
柏悦公馆,环丁路北柏悦公馆,价格待定,https://hz.fang.lianjia.com/loupan/pg79/p_byggabndu
朗诗乐府,胜景路朗诗乐府,42000元/平(均价),https://hz.fang.lianjia.com/loupan/pg79/p_lsyfabnmv
北辰国颂府,山阴路北辰国颂府,36700元/平(均价),https://hz.fang.lianjia.com/loupan/pg80/p_bcgsfabnrs
万科融信西雅图,庄墩路万科融信西雅图,价格待定,https://hz.fang.lianjia.com/loupan/pg80/p_wkrxxytabnsl
旭辉和昌都会山,博奥路旭辉和昌都会山,价格待定,https://hz.fang.lianjia.com/loupan/pg80/p_xhhcdhsabntu
远洋雁归里,风情大道往南出木尖山隧道100米,价格待定,https://hz.fang.lianjia.com/loupan/pg80/p_yyyglabnvh
璞丽东方,友爱路近民丰路,价格待定,https://hz.fang.lianjia.com/loupan/pg80/p_pldfabnyi
绿都汀蘭府,明珠路绿都汀蘭府,价格待定,https://hz.fang.lianjia.com/loupan/pg80/p_ldtlfabnyn
融信保利创世纪,奔竞大道融信保利创世纪,38300元/平(均价),https://hz.fang.lianjia.com/loupan/pg80/p_rxblcsjabnze
兴耀星澜之城,江南大道兴耀星澜之城,价格待定,https://hz.fang.lianjia.com/loupan/pg80/p_xyxlzcaboaq
西房余杭公馆,安乐路西房余杭公馆,价格待定,https://hz.fang.lianjia.com/loupan/pg80/p_xfyhggabobf
融创富春壹号院,武康志远南路368号（104国道旁）,价格待定,https://hz.fang.lianjia.com/loupan/pg80/p_rcfcyhyaboby
绿城华景川之江明月,聆涛路和海河路交叉口,价格待定,https://hz.fang.lianjia.com/loupan/pg81/p_lchjczjmyabocl
融创东麟府,政通路融创东麟府,价格待定,https://hz.fang.lianjia.com/loupan/pg81/p_rcdlfabodn
招商远洋春秋华庭,储鑫路招商远洋春秋华庭,价格待定,https://hz.fang.lianjia.com/loupan/pg81/p_zsyycqhtabofl
金沙世纪大厦,金沙世纪大道900号,价格待定,https://hz.fang.lianjia.com/loupan/pg81/p_jssjdsabogp
中巢起梦公园,古墩路与疏港路交汇处,价格待定,https://hz.fang.lianjia.com/loupan/pg81/p_qmgyabogq
阳光城翡丽公园,香樟路阳光城翡丽公园,21000元/平(均价),https://hz.fang.lianjia.com/loupan/pg81/p_ygcflgyaboha
云溪新语,文景路祥生云溪新语,价格待定,https://hz.fang.lianjia.com/loupan/pg81/p_yxxyaboiz
融创宜和园,登云路融创宜和园,价格待定,https://hz.fang.lianjia.com/loupan/pg81/p_rcyhyabokn
信达滨江壹品,钱江路信达滨江壹品,价格待定,https://hz.fang.lianjia.com/loupan/pg81/p_xdbjypabolf
龙湖郦城公馆,江南大道与江虹路交叉口,价格待定,https://hz.fang.lianjia.com/loupan/pg81/p_lhlcggabols
荣安翡翠半岛,余杭区崇杭街与崇明路交叉口,价格待定,https://hz.fang.lianjia.com/loupan/pg82/p_rafcbdabolu
海上明月澜庭,建设一路与明星路交叉口,价格待定,https://hz.fang.lianjia.com/loupan/pg82/p_hsmyltabome
滨江保利翡翠海岸,近江路滨江保利翡翠海岸,价格待定,https://hz.fang.lianjia.com/loupan/pg82/p_bjblfchaabomh
滨江春盛大江名筑,义府大街568号,价格待定,https://hz.fang.lianjia.com/loupan/pg82/p_bjcsdjmzabomm
龙湖天璞,金鸡路龙湖天璞,价格待定,https://hz.fang.lianjia.com/loupan/pg82/p_lhtpabont
钱江彩虹府,科海路与袁浦路交叉口,价格待定,https://hz.fang.lianjia.com/loupan/pg82/p_qjchfabonu
栢悦中心,北沙西路栢悦中心,价格待定,https://hz.fang.lianjia.com/loupan/pg82/p_byzxabooa
旭辉宝龙东湖城,青六北路旭辉宝龙东湖城,价格待定,https://hz.fang.lianjia.com/loupan/pg82/p_xhbldhcabood
旭辉宝龙东湖城,青六北路旭辉宝龙东湖城,价格待定,https://hz.fang.lianjia.com/loupan/pg82/p_xhbldhcabooe
都会艺境,风情大道都会艺境,价格待定,https://hz.fang.lianjia.com/loupan/pg82/p_dhyjaboof
绿城九龙仓桂语江南,博奥路绿城九龙仓桂语江南,价格待定,https://hz.fang.lianjia.com/loupan/pg83/p_lcjlcgyjnaboog
海威新界,物联网街330号,价格待定,https://hz.fang.lianjia.com/loupan/pg83/p_hwxjabooh
宋都时间名座,藕花洲大街与宝幢路交叉口,26000元/平(均价),https://hz.fang.lianjia.com/loupan/pg83/p_sdsjmzaboom
阳光城檀悦,守信路阳光城檀悦,价格待定,https://hz.fang.lianjia.com/loupan/pg83/p_ygctyaboon
招商远洋春秋华庭,储鑫路招商远洋春秋华庭,价格待定,https://hz.fang.lianjia.com/loupan/pg83/p_zsyycqhtabooy
金辉贤林信步,闲林西路金辉贤林信步,价格待定,https://hz.fang.lianjia.com/loupan/pg83/p_jhxlxbabopb
旭辉和昌都会山,博奥路旭辉和昌都会山,价格待定,https://hz.fang.lianjia.com/loupan/pg83/p_xhhcdhsabopf
都会艺境,风情大道都会艺境,30000元/平(均价),https://hz.fang.lianjia.com/loupan/pg83/p_dhyjabqmp
都会艺境,风情大道都会艺境,33500元/平(均价),https://hz.fang.lianjia.com/loupan/pg83/p_dhyjabqmq
远洋雁归里,风情大道往南出木尖山隧道100米,价格待定,https://hz.fang.lianjia.com/loupan/pg83/p_yyyglabqoj
保亿中心,奔竞二路保亿中心,30000元/平(均价),https://hz.fang.lianjia.com/loupan/pg84/p_byzxabqtj
通策状元府,大学路1929号,价格待定,https://hz.fang.lianjia.com/loupan/pg84/p_tczyfabqwf
德信大江源著,河景路德信大江源著,价格待定,https://hz.fang.lianjia.com/loupan/pg84/p_dxdjyzabqwm
东原印未来,文二西路东原印未来,价格待定,https://hz.fang.lianjia.com/loupan/pg84/p_dyywlabqyt
英冠乐创城,长龙路英冠乐创城,价格待定,https://hz.fang.lianjia.com/loupan/pg84/p_yglccabrtr
保利融信大国璟,建设一路保利融信大国璟,价格待定,https://hz.fang.lianjia.com/loupan/pg84/p_blrxdgjabrug
中天锦绣诚品,文苑路和隆兴路交叉口,价格待定,https://hz.fang.lianjia.com/loupan/pg84/p_ztjxcpabrva
宋都新宸悦府,新湾路宋都新宸悦府,价格待定,https://hz.fang.lianjia.com/loupan/pg84/p_sdxcyfabrve
宋都江宸府,鹿山街道江城路与依江路交叉口,价格待定,https://hz.fang.lianjia.com/loupan/pg84/p_sdjcfabrvx
富力西溪悦居,文一西路与常二路口(淘宝城对面),价格待定,https://hz.fang.lianjia.com/loupan/pg84/p_flxxyjabrwe
和昌云潮,纬四路与沙秀路交叉口,价格待定,https://hz.fang.lianjia.com/loupan/pg86/p_hcycabxgw
青枫墅园,文一西路延伸段南侧青枫墅园,价格待定,https://hz.fang.lianjia.com/loupan/pg86/p_qfsyabxkx
和昌云栖玖著,银湖开发区320国道与九龙大道交汇处,价格待定,https://hz.fang.lianjia.com/loupan/pg86/p_hcyqjzabxlh
南岸晶都花园,滨康路351-353号,950万/套(均价),https://hz.fang.lianjia.com/loupan/pg86/p_najdhyacfca
百合公馆,文宗南路313号,价格待定,https://hz.fang.lianjia.com/loupan/pg86/p_bhggacfck
旭辉珺悦府,萧然西路旭辉珺悦府,价格待定,https://hz.fang.lianjia.com/loupan/pg86/p_xhjyfacfdp
中南白马湖壹号,天马路中南白马湖壹号,价格待定,https://hz.fang.lianjia.com/loupan/pg86/p_znbmhyhacfdr
朝阳银座,市心南路朝阳银座,价格待定,https://hz.fang.lianjia.com/loupan/pg86/p_zyyzacfds
新奇世界上影安吉,孝源街道新奇世界上影安吉,价格待定,https://hz.fang.lianjia.com/loupan/pg86/p_xqsjsyajacjrw
新奇世界上影安吉,孝源街道新奇世界上影安吉,价格待定,https://hz.fang.lianjia.com/loupan/pg86/p_xqsjsyajacjrx
南北盛德国际,通运路168号(通益路与通运路交叉口),价格待定,https://hz.fang.lianjia.com/loupan/pg85/p_nbsdgjabrxn
绿城华景川桂语江南,海昌南路与吉恩仕大道交叉口,价格待定,https://hz.fang.lianjia.com/loupan/pg85/p_lchjcgyjnabryw
临平芳满庭,人民大道与香雪路交叉口,价格待定,https://hz.fang.lianjia.com/loupan/pg85/p_lpfmtabrzp
洛塘公馆,硖许公路与庆东路交汇处,价格待定,https://hz.fang.lianjia.com/loupan/pg85/p_ltggabsao
金泰公馆,文苑南路金泰公馆,价格待定,https://hz.fang.lianjia.com/loupan/pg85/p_jtggabsdg
居艺空间,德胜东路居艺空间,价格待定,https://hz.fang.lianjia.com/loupan/pg85/p_jykjabsdi
大江东宝龙广场,青六路与江东大道交汇口,价格待定,https://hz.fang.lianjia.com/loupan/pg85/p_djdblgcabsdw
海威新界,物联网街330号,价格待定,https://hz.fang.lianjia.com/loupan/pg85/p_hwxjabtxn
金地德圣中心,金城路金地德圣中心,价格待定,https://hz.fang.lianjia.com/loupan/pg85/p_jddszxabxcz
鸿翔十里风荷院,硖石街道碧云大桥东侧,价格待定,https://hz.fang.lianjia.com/loupan/pg85/p_hxslfhyabxfi
保利融信大国璟,建设一路保利融信大国璟,价格待定,https://hz.fang.lianjia.com/loupan/pg87/p_blrxdgjacjsc
奥克斯缔逸城,古墩路奥克斯缔壹城,价格待定,https://hz.fang.lianjia.com/loupan/pg87/p_aksdycacjum
梅花洲春风十里二期,南湖区凤桥镇十里春风板块,16500元/平(均价),https://hz.fang.lianjia.com/loupan/pg87/p_mhzcfsleqacjux
百合公馆,文宗南路313号,价格待定,https://hz.fang.lianjia.com/loupan/pg87/p_bhggacjxi
绿城之江1号,横桥路绿城之江1号,价格待定,https://hz.fang.lianjia.com/loupan/pg87/p_lczjyhaahwt
绿城九龙仓钱塘明月,金惠路绿城九龙仓钱塘明月,价格待定,https://hz.fang.lianjia.com/loupan/pg87/p_lcjlcqtmyaaifl
杭州新世纪广场,望梅路杭州新世纪广场,价格待定,https://hz.fang.lianjia.com/loupan/pg87/p_hzxsjgcbidpz
阳光城丽景湾,九龙大道与龙溪北路交汇口,价格待定,https://hz.fang.lianjia.com/loupan/pg87/p_ygcjwbiduq
新大蓝庭,国贸路新大蓝庭,价格待定,https://hz.fang.lianjia.com/loupan/pg87/p_xdltbidwm
华景川玉兰花园,锦绣路华景川玉兰花园,价格待定,https://hz.fang.lianjia.com/loupan/pg87/p_hjcylhybifef
杭州嘉里中心,延安路353号,价格待定,https://hz.fang.lianjia.com/loupan/pg88/p_hzjlzxbifmp
中天富春诚品二期,金苑路中天富春诚品二期,价格待定,https://hz.fang.lianjia.com/loupan/pg88/p_ztfccpeqbilut
德信九溪云庄,丽景路德信九溪云庄,价格待定,https://hz.fang.lianjia.com/loupan/pg88/p_dxjxyzbiwns
百富联合国际奥体之星,鸿宁路1号,价格待定,https://hz.fang.lianjia.com/loupan/pg88/p_bflhgjatzxadvbf
萧然之芯,体育场路萧然之芯,23000元/平(均价),https://hz.fang.lianjia.com/loupan/pg88/p_xrzxaeefr
佳源优优景苑,麻溪路与环城南路交叉口,价格待定,https://hz.fang.lianjia.com/loupan/pg88/p_jyyyjyaeegb
阳光城檀悦,守信路阳光城檀悦,价格待定,https://hz.fang.lianjia.com/loupan/pg88/p_ygctyaeehe
九龙仓君廷,望梅路九龙仓君廷,价格待定,https://hz.fang.lianjia.com/loupan/pg88/p_jlcjtaanoi
柏润国际花园,新安南路10号,价格待定,https://hz.fang.lianjia.com/loupan/pg88/p_qdhbrgjhyaanxt
东方御府,凤起东路东方御府,价格待定,https://hz.fang.lianjia.com/loupan/pg88/p_dfyfaanxx
宝嘉誉峰,北软路宝嘉誉峰,价格待定,https://hz.fang.lianjia.com/loupan/pg89/p_bjyfaanzd
绿都御景蓝湾,四季大道辅路绿都御景蓝湾,价格待定,https://hz.fang.lianjia.com/loupan/pg89/p_ldyjlwaaoah
锦润公寓,新风路锦润公寓,价格待定,https://hz.fang.lianjia.com/loupan/pg89/p_jrgyaaoai
滨江西溪之星,文二路转荆长路南向数百米,价格待定,https://hz.fang.lianjia.com/loupan/pg89/p_bjxxzxaaoaj
中南白马湖壹号,天马路中南白马湖壹号,价格待定,https://hz.fang.lianjia.com/loupan/pg89/p_znbmhyhaaoan
复地黄龙和山,西溪路957号,价格待定,https://hz.fang.lianjia.com/loupan/pg89/p_fdhlhsaaoat
钱江御府,候潮路钱江御府,价格待定,https://hz.fang.lianjia.com/loupan/pg89/p_qjyfaaobe
景瑞申花郡,丰庆路与石祥路交叉口东北方,255万/套(均价),https://hz.fang.lianjia.com/loupan/pg89/p_hjshjaaobf
新湖武林国际公寓,环城北路167号,价格待定,https://hz.fang.lianjia.com/loupan/pg89/p_xhwlgjgyaaobh
融创大家侯潮府,候潮路融创大家侯潮府,65727元/平(均价),https://hz.fang.lianjia.com/loupan/pg89/p_rcdjhcfaaobl
融创河滨之城,余杭塘路融创河滨之城,价格待定,https://hz.fang.lianjia.com/loupan/pg90/p_rchbzcaaobv
富力西溪悦居,文一西路与常二路口(淘宝城对面),价格待定,https://hz.fang.lianjia.com/loupan/pg90/p_flxxyjaaobx
金地艺境,南苑街道金地艺境,价格待定,https://hz.fang.lianjia.com/loupan/pg90/p_jdyjaaocc
合景天峻,东莲街合景天峻,价格待定,https://hz.fang.lianjia.com/loupan/pg90/p_hjtjaaocd
三盛颐景御园,梧桐圩路三盛颐景御园,价格待定,https://hz.fang.lianjia.com/loupan/pg90/p_aaocm
协安紫郡,紫金港北路协安紫郡,价格待定,https://hz.fang.lianjia.com/loupan/pg90/p_xazjaaoco
中旅城仕公馆,明珠街中旅城仕公馆,价格待定,https://hz.fang.lianjia.com/loupan/pg90/p_zlcsggaaodm
西溪永乐城,景兴路西溪永乐城,价格待定,https://hz.fang.lianjia.com/loupan/pg90/p_xxylcaaodn
万科大都会79号,之江东路万科大都会79号,价格待定,https://hz.fang.lianjia.com/loupan/pg90/p_wkddhaaodq
越秀星汇尚城,东吴路越秀星汇尚城,价格待定,https://hz.fang.lianjia.com/loupan/pg90/p_yxxhscaaods
奥克斯缔逸城,古墩路奥克斯缔壹城,价格待定,https://hz.fang.lianjia.com/loupan/pg91/p_aksdycaaodv
赞成龙兴道一号,龙兴街赞成龙兴道一号,价格待定,https://hz.fang.lianjia.com/loupan/pg91/p_zclxdyhaaodw
中旅紫金名门,振华路10号,价格待定,https://hz.fang.lianjia.com/loupan/pg91/p_zlzjmmaaodx
钱塘大观,闻涛路钱塘大观,28000元/平(均价),https://hz.fang.lianjia.com/loupan/pg91/p_qtdgaaodz
昆仑华府,东至张家坝港，南至新104国道防护林，西至下门坝港，北至康良路,价格待定,https://hz.fang.lianjia.com/loupan/pg91/p_klhfaaofc
理想康城一品,人民大道258号,价格待定,https://hz.fang.lianjia.com/loupan/pg91/p_lxkcypkaaofh
万科缦云坊,东西大道万科缦云坊,价格待定,https://hz.fang.lianjia.com/loupan/pg91/p_wkmyfafmhb
宝嘉誉府,石祥西路788号,价格待定,https://hz.fang.lianjia.com/loupan/pg91/p_bjyfaaofy
碧桂园海湾一号,姚家路207号,价格待定,https://hz.fang.lianjia.com/loupan/pg91/p_bgyhwyhafmit
绿城莲园,北沙西路绿城莲园,价格待定,https://hz.fang.lianjia.com/loupan/pg91/p_lclyaaogc
耀达金鼎华庭,勾庄农副产品物流中心北,价格待定,https://hz.fang.lianjia.com/loupan/pg93/p_ydjdhtaaohm
中梁百悦城,顺风路128号,价格待定,https://hz.fang.lianjia.com/loupan/pg93/p_ymxyaaoie
合景叠彩园,文一西路合景叠彩园,价格待定,https://hz.fang.lianjia.com/loupan/pg93/p_hjdcyaaoik
广大融城印象,丁桥东路广大融城印象,价格待定,https://hz.fang.lianjia.com/loupan/pg93/p_gdrcyxaaoio
滨江西溪明珠,天目山路百家园路口,价格待定,https://hz.fang.lianjia.com/loupan/pg93/p_bjxxmzaaoiu
宋都晨光国际,16号大街宋都晨光国际,价格待定,https://hz.fang.lianjia.com/loupan/pg93/p_sdcggjaaojt
凯德湖墅,湖墅北路111号,价格待定,https://hz.fang.lianjia.com/loupan/pg93/p_kdhsaaoke
绿城莲园,北沙西路绿城莲园,600万/套(均价),https://hz.fang.lianjia.com/loupan/pg93/p_lclyaaoli
金成英特学府,天目山西路金成英特学府,价格待定,https://hz.fang.lianjia.com/loupan/pg93/p_jcytxfaaoll
绿地旭辉城,七甲路绿地旭辉城,价格待定,https://hz.fang.lianjia.com/loupan/pg93/p_ldxhcaaone
碧桂园中央公园,海福路碧桂园中央公园,价格待定,https://hz.fang.lianjia.com/loupan/pg92/p_bgyzygyafmiv
德信滨海广场,枣园路德信滨海广场,13250元/平(均价),https://hz.fang.lianjia.com/loupan/pg92/p_dxbhgcafmiw
湖畔首府,吕祥路湖畔首府,9800元/平(均价),https://hz.fang.lianjia.com/loupan/pg92/p_hpsfafmiy
金色江湾,新桥北路和华丰路交叉口,价格待定,https://hz.fang.lianjia.com/loupan/pg92/p_jsjwafmiz
合景天峻,百尺北路与华丰路交叉口,13500元/平(均价),https://hz.fang.lianjia.com/loupan/pg92/p_hjtjafmkh
佳源中心广场,伞城大道佳源中心广场,价格待定,https://hz.fang.lianjia.com/loupan/pg92/p_jyzxgcafmko
武林外滩,文晖路338号,价格待定,https://hz.fang.lianjia.com/loupan/pg92/p_wlwtaaogp
大美公寓,玩月街大美公寓,价格待定,https://hz.fang.lianjia.com/loupan/pg92/p_dmgyaaogv
富力十号一期,高教路富力十号一期,价格待定,https://hz.fang.lianjia.com/loupan/pg92/p_flshyqaaohd
中海御道,钱江路中海御道路一号,价格待定,https://hz.fang.lianjia.com/loupan/pg92/p_zhydlyhaaohg
万泰城章,世纪大道西万泰城章,价格待定,https://hz.fang.lianjia.com/loupan/pg94/p_wtczaaooo
融创富春壹号院,武康志远南路368号（104国道旁）,价格待定,https://hz.fang.lianjia.com/loupan/pg94/p_rcfcyhyaaopn
赞成乐山红叶,天目山西路赞成乐山红叶,价格待定,https://hz.fang.lianjia.com/loupan/pg94/p_zcyshyyxaaoqh
蓝色嘉园,东灵北路蓝色嘉园,价格待定,https://hz.fang.lianjia.com/loupan/pg94/p_lsjyaaoqx
世茂智慧之门,滨盛路3888号,价格待定,https://hz.fang.lianjia.com/loupan/pg94/p_smzhzmaaoun
